image_path,room_type,condition_score,split
kitchen/modern/kitchen_modern_224.jpg,kitchen,4.5,train
living_room/boho/living_room_boho_123.jpg,living room,3.2,train
kitchen/industrial/kitchen_industrial_220.jpg,kitchen,3.0,train
bedroom/minimalist/bedroom_minimalist_151.jpg,bedroom,3.5,train
bathroom/scandinavian/bathroom_scandinavian_114.jpg,bathroom,4.0,train
bedroom/industrial/bedroom_industrial_193.jpg,bedroom,3.0,train
kitchen/industrial/kitchen_industrial_30.jpg,kitchen,3.0,train
kitchen/industrial/kitchen_industrial_219.jpg,kitchen,3.0,train
kitchen/modern/kitchen_modern_326.jpg,kitchen,4.5,train
bathroom/modern/bathroom_modern_99.jpg,bathroom,4.5,train
kitchen/minimalist/kitchen_minimalist_114.jpg,kitchen,3.5,train
bedroom/scandinavian/bedroom_scandinavian_127.jpg,bedroom,4.0,train
kitchen/minimalist/kitchen_minimalist_122.jpg,kitchen,3.5,train
living_room/minimalist/living_room_minimalist_179.jpg,living room,3.5,train
bedroom/modern/bedroom_modern_57.jpg,bedroom,4.5,train
living_room/scandinavian/living_room_scandinavian_151.jpg,living room,4.0,train
bedroom/boho/bedroom_boho_2.jpg,bedroom,3.2,train
living_room/boho/living_room_boho_182.jpg,living room,3.2,train
living_room/scandinavian/living_room_scandinavian_161.jpg,living room,4.0,train
kitchen/modern/kitchen_modern_270.jpg,kitchen,4.5,train
bedroom/minimalist/bedroom_minimalist_146.jpg,bedroom,3.5,train
bedroom/modern/bedroom_modern_167.jpg,bedroom,4.5,train
bedroom/minimalist/bedroom_minimalist_181.jpg,bedroom,3.5,train
bedroom/scandinavian/bedroom_scandinavian_125.jpg,bedroom,4.0,train
bathroom/modern/bathroom_modern_67.jpg,bathroom,4.5,train
kitchen/boho/kitchen_boho_220.jpg,kitchen,3.2,train
living_room/industrial/living_room_industrial_59.jpg,living room,3.0,train
bedroom/minimalist/bedroom_minimalist_83.jpg,bedroom,3.5,train
bedroom/scandinavian/bedroom_scandinavian_96.jpg,bedroom,4.0,train
kitchen/boho/kitchen_boho_105.jpg,kitchen,3.2,train
kitchen/modern/kitchen_modern_306.jpg,kitchen,4.5,train
living_room/modern/living_room_modern_240.jpg,living room,4.5,train
bathroom/boho/bathroom_boho_38.jpg,bathroom,3.2,train
kitchen/boho/kitchen_boho_316.jpg,kitchen,3.2,train
living_room/modern/living_room_modern_173.jpg,living room,4.5,train
kitchen/boho/kitchen_boho_21.jpg,kitchen,3.2,train
bedroom/scandinavian/bedroom_scandinavian_27.jpg,bedroom,4.0,train
bedroom/industrial/bedroom_industrial_36.jpg,bedroom,3.0,train
bedroom/modern/bedroom_modern_150.jpg,bedroom,4.5,train
living_room/modern/living_room_modern_151.jpg,living room,4.5,train
bathroom/minimalist/bathroom_minimalist_148.jpg,bathroom,3.5,train
bedroom/modern/bedroom_modern_22.jpg,bedroom,4.5,train
living_room/minimalist/living_room_minimalist_62.jpg,living room,3.5,train
kitchen/modern/kitchen_modern_244.jpg,kitchen,4.5,train
kitchen/modern/kitchen_modern_376.jpg,kitchen,4.5,train
bedroom/boho/bedroom_boho_48.jpg,bedroom,3.2,train
bathroom/minimalist/bathroom_minimalist_125.jpg,bathroom,3.5,train
living_room/modern/living_room_modern_126.jpg,living room,4.5,train
bedroom/boho/bedroom_boho_93.jpg,bedroom,3.2,train
bathroom/boho/bathroom_boho_115.jpg,bathroom,3.2,train
kitchen/modern/kitchen_modern_36.jpg,kitchen,4.5,train
kitchen/minimalist/kitchen_minimalist_149.jpg,kitchen,3.5,train
bathroom/scandinavian/bathroom_scandinavian_77.jpg,bathroom,4.0,train
kitchen/modern/kitchen_modern_349.jpg,kitchen,4.5,train
living_room/boho/living_room_boho_85.jpg,living room,3.2,train
kitchen/boho/kitchen_boho_304.jpg,kitchen,3.2,train
kitchen/industrial/kitchen_industrial_239.jpg,kitchen,3.0,train
living_room/modern/living_room_modern_19.jpg,living room,4.5,train
kitchen/modern/kitchen_modern_124.jpg,kitchen,4.5,train
bedroom/minimalist/bedroom_minimalist_1.jpg,bedroom,3.5,train
bathroom/scandinavian/bathroom_scandinavian_10.jpg,bathroom,4.0,train
bathroom/industrial/bathroom_industrial_44.jpg,bathroom,3.0,train
kitchen/industrial/kitchen_industrial_64.jpg,kitchen,3.0,train
kitchen/boho/kitchen_boho_63.jpg,kitchen,3.2,train
kitchen/boho/kitchen_boho_355.jpg,kitchen,3.2,train
kitchen/scandinavian/kitchen_scandinavian_114.jpg,kitchen,4.0,train
kitchen/industrial/kitchen_industrial_299.jpg,kitchen,3.0,train
kitchen/modern/kitchen_modern_85.jpg,kitchen,4.5,train
living_room/minimalist/living_room_minimalist_12.jpg,living room,3.5,train
bedroom/minimalist/bedroom_minimalist_50.jpg,bedroom,3.5,train
living_room/industrial/living_room_industrial_136.jpg,living room,3.0,train
bedroom/industrial/bedroom_industrial_53.jpg,bedroom,3.0,train
kitchen/modern/kitchen_modern_83.jpg,kitchen,4.5,train
bedroom/boho/bedroom_boho_78.jpg,bedroom,3.2,train
kitchen/boho/kitchen_boho_205.jpg,kitchen,3.2,train
kitchen/minimalist/kitchen_minimalist_166.jpg,kitchen,3.5,train
living_room/industrial/living_room_industrial_43.jpg,living room,3.0,train
bedroom/modern/bedroom_modern_35.jpg,bedroom,4.5,train
living_room/modern/living_room_modern_33.jpg,living room,4.5,train
bedroom/industrial/bedroom_industrial_52.jpg,bedroom,3.0,train
living_room/modern/living_room_modern_72.jpg,living room,4.5,train
bedroom/boho/bedroom_boho_43.jpg,bedroom,3.2,train
bathroom/modern/bathroom_modern_95.jpg,bathroom,4.5,train
bedroom/scandinavian/bedroom_scandinavian_3.jpg,bedroom,4.0,train
kitchen/boho/kitchen_boho_1.jpg,kitchen,3.2,train
living_room/modern/living_room_modern_131.jpg,living room,4.5,train
kitchen/minimalist/kitchen_minimalist_43.jpg,kitchen,3.5,train
bedroom/modern/bedroom_modern_54.jpg,bedroom,4.5,train
bathroom/boho/bathroom_boho_78.jpg,bathroom,3.2,train
kitchen/modern/kitchen_modern_368.jpg,kitchen,4.5,train
bathroom/modern/bathroom_modern_22.jpg,bathroom,4.5,train
living_room/industrial/living_room_industrial_37.jpg,living room,3.0,train
bedroom/boho/bedroom_boho_94.jpg,bedroom,3.2,train
bathroom/boho/bathroom_boho_121.jpg,bathroom,3.2,train
bedroom/boho/bedroom_boho_40.jpg,bedroom,3.2,train
bedroom/scandinavian/bedroom_scandinavian_86.jpg,bedroom,4.0,train
kitchen/modern/kitchen_modern_165.jpg,kitchen,4.5,train
kitchen/boho/kitchen_boho_451.jpg,kitchen,3.2,train
bedroom/modern/bedroom_modern_108.jpg,bedroom,4.5,train
living_room/minimalist/living_room_minimalist_67.jpg,living room,3.5,train
bathroom/industrial/bathroom_industrial_67.jpg,bathroom,3.0,train
bedroom/modern/bedroom_modern_76.jpg,bedroom,4.5,train
living_room/minimalist/living_room_minimalist_199.jpg,living room,3.5,train
kitchen/modern/kitchen_modern_56.jpg,kitchen,4.5,train
kitchen/industrial/kitchen_industrial_23.jpg,kitchen,3.0,train
living_room/boho/living_room_boho_166.jpg,living room,3.2,train
living_room/modern/living_room_modern_266.jpg,living room,4.5,train
living_room/industrial/living_room_industrial_64.jpg,living room,3.0,train
living_room/modern/living_room_modern_268.jpg,living room,4.5,train
bedroom/minimalist/bedroom_minimalist_172.jpg,bedroom,3.5,train
living_room/scandinavian/living_room_scandinavian_59.jpg,living room,4.0,train
living_room/industrial/living_room_industrial_66.jpg,living room,3.0,train
living_room/industrial/living_room_industrial_164.jpg,living room,3.0,train
bedroom/modern/bedroom_modern_178.jpg,bedroom,4.5,train
living_room/boho/living_room_boho_146.jpg,living room,3.2,train
bathroom/minimalist/bathroom_minimalist_66.jpg,bathroom,3.5,train
living_room/scandinavian/living_room_scandinavian_122.jpg,living room,4.0,train
kitchen/industrial/kitchen_industrial_13.jpg,kitchen,3.0,train
bathroom/industrial/bathroom_industrial_23.jpg,bathroom,3.0,train
bathroom/minimalist/bathroom_minimalist_135.jpg,bathroom,3.5,train
kitchen/industrial/kitchen_industrial_138.jpg,kitchen,3.0,train
bedroom/industrial/bedroom_industrial_125.jpg,bedroom,3.0,train
bathroom/boho/bathroom_boho_113.jpg,bathroom,3.2,train
bathroom/industrial/bathroom_industrial_59.jpg,bathroom,3.0,train
bathroom/boho/bathroom_boho_55.jpg,bathroom,3.2,train
kitchen/boho/kitchen_boho_84.jpg,kitchen,3.2,train
bedroom/scandinavian/bedroom_scandinavian_67.jpg,bedroom,4.0,train
kitchen/boho/kitchen_boho_36.jpg,kitchen,3.2,train
kitchen/boho/kitchen_boho_182.jpg,kitchen,3.2,train
bathroom/scandinavian/bathroom_scandinavian_9.jpg,bathroom,4.0,train
living_room/minimalist/living_room_minimalist_109.jpg,living room,3.5,train
living_room/modern/living_room_modern_7.jpg,living room,4.5,train
bathroom/scandinavian/bathroom_scandinavian_42.jpg,bathroom,4.0,train
living_room/scandinavian/living_room_scandinavian_146.jpg,living room,4.0,train
kitchen/boho/kitchen_boho_223.jpg,kitchen,3.2,train
living_room/scandinavian/living_room_scandinavian_130.jpg,living room,4.0,train
bedroom/boho/bedroom_boho_24.jpg,bedroom,3.2,train
kitchen/modern/kitchen_modern_142.jpg,kitchen,4.5,train
living_room/boho/living_room_boho_62.jpg,living room,3.2,train
bedroom/scandinavian/bedroom_scandinavian_97.jpg,bedroom,4.0,train
kitchen/minimalist/kitchen_minimalist_152.jpg,kitchen,3.5,train
living_room/industrial/living_room_industrial_170.jpg,living room,3.0,train
bathroom/industrial/bathroom_industrial_3.jpg,bathroom,3.0,train
kitchen/boho/kitchen_boho_144.jpg,kitchen,3.2,train
kitchen/modern/kitchen_modern_4.jpg,kitchen,4.5,train
kitchen/scandinavian/kitchen_scandinavian_123.jpg,kitchen,4.0,train
bathroom/minimalist/bathroom_minimalist_26.jpg,bathroom,3.5,train
kitchen/boho/kitchen_boho_240.jpg,kitchen,3.2,train
living_room/scandinavian/living_room_scandinavian_58.jpg,living room,4.0,train
living_room/scandinavian/living_room_scandinavian_154.jpg,living room,4.0,train
living_room/minimalist/living_room_minimalist_160.jpg,living room,3.5,train
bathroom/industrial/bathroom_industrial_97.jpg,bathroom,3.0,train
living_room/industrial/living_room_industrial_81.jpg,living room,3.0,train
living_room/minimalist/living_room_minimalist_38.jpg,living room,3.5,train
bathroom/scandinavian/bathroom_scandinavian_4.jpg,bathroom,4.0,train
kitchen/industrial/kitchen_industrial_231.jpg,kitchen,3.0,train
kitchen/boho/kitchen_boho_434.jpg,kitchen,3.2,train
living_room/boho/living_room_boho_136.jpg,living room,3.2,train
kitchen/scandinavian/kitchen_scandinavian_148.jpg,kitchen,4.0,train
living_room/modern/living_room_modern_162.jpg,living room,4.5,train
kitchen/industrial/kitchen_industrial_275.jpg,kitchen,3.0,train
kitchen/boho/kitchen_boho_305.jpg,kitchen,3.2,train
bedroom/minimalist/bedroom_minimalist_109.jpg,bedroom,3.5,train
living_room/modern/living_room_modern_6.jpg,living room,4.5,train
kitchen/minimalist/kitchen_minimalist_120.jpg,kitchen,3.5,train
living_room/industrial/living_room_industrial_200.jpg,living room,3.0,train
living_room/scandinavian/living_room_scandinavian_82.jpg,living room,4.0,train
bathroom/minimalist/bathroom_minimalist_120.jpg,bathroom,3.5,train
bathroom/industrial/bathroom_industrial_54.jpg,bathroom,3.0,train
kitchen/scandinavian/kitchen_scandinavian_17.jpg,kitchen,4.0,train
living_room/minimalist/living_room_minimalist_143.jpg,living room,3.5,train
living_room/modern/living_room_modern_235.jpg,living room,4.5,train
living_room/minimalist/living_room_minimalist_197.jpg,living room,3.5,train
bedroom/modern/bedroom_modern_186.jpg,bedroom,4.5,train
kitchen/industrial/kitchen_industrial_63.jpg,kitchen,3.0,train
bathroom/modern/bathroom_modern_87.jpg,bathroom,4.5,train
kitchen/modern/kitchen_modern_82.jpg,kitchen,4.5,train
bathroom/industrial/bathroom_industrial_139.jpg,bathroom,3.0,train
kitchen/boho/kitchen_boho_286.jpg,kitchen,3.2,train
living_room/modern/living_room_modern_161.jpg,living room,4.5,train
kitchen/boho/kitchen_boho_251.jpg,kitchen,3.2,train
kitchen/modern/kitchen_modern_88.jpg,kitchen,4.5,train
kitchen/boho/kitchen_boho_383.jpg,kitchen,3.2,train
bedroom/minimalist/bedroom_minimalist_162.jpg,bedroom,3.5,train
kitchen/industrial/kitchen_industrial_0.jpg,kitchen,3.0,train
bedroom/scandinavian/bedroom_scandinavian_134.jpg,bedroom,4.0,train
bathroom/industrial/bathroom_industrial_66.jpg,bathroom,3.0,train
kitchen/boho/kitchen_boho_174.jpg,kitchen,3.2,train
kitchen/boho/kitchen_boho_225.jpg,kitchen,3.2,train
bedroom/modern/bedroom_modern_84.jpg,bedroom,4.5,train
kitchen/modern/kitchen_modern_303.jpg,kitchen,4.5,train
living_room/industrial/living_room_industrial_95.jpg,living room,3.0,train
bedroom/industrial/bedroom_industrial_5.jpg,bedroom,3.0,train
bedroom/modern/bedroom_modern_127.jpg,bedroom,4.5,train
living_room/modern/living_room_modern_270.jpg,living room,4.5,train
living_room/industrial/living_room_industrial_192.jpg,living room,3.0,train
kitchen/industrial/kitchen_industrial_280.jpg,kitchen,3.0,train
kitchen/modern/kitchen_modern_164.jpg,kitchen,4.5,train
bathroom/industrial/bathroom_industrial_31.jpg,bathroom,3.0,train
kitchen/modern/kitchen_modern_76.jpg,kitchen,4.5,train
bedroom/industrial/bedroom_industrial_71.jpg,bedroom,3.0,train
kitchen/scandinavian/kitchen_scandinavian_30.jpg,kitchen,4.0,train
bedroom/industrial/bedroom_industrial_84.jpg,bedroom,3.0,train
kitchen/industrial/kitchen_industrial_271.jpg,kitchen,3.0,train
bathroom/minimalist/bathroom_minimalist_39.jpg,bathroom,3.5,train
bathroom/industrial/bathroom_industrial_115.jpg,bathroom,3.0,train
kitchen/boho/kitchen_boho_161.jpg,kitchen,3.2,train
living_room/minimalist/living_room_minimalist_10.jpg,living room,3.5,train
bathroom/modern/bathroom_modern_62.jpg,bathroom,4.5,train
bedroom/industrial/bedroom_industrial_83.jpg,bedroom,3.0,train
living_room/scandinavian/living_room_scandinavian_153.jpg,living room,4.0,train
living_room/scandinavian/living_room_scandinavian_37.jpg,living room,4.0,train
kitchen/modern/kitchen_modern_3.jpg,kitchen,4.5,train
living_room/modern/living_room_modern_178.jpg,living room,4.5,train
kitchen/minimalist/kitchen_minimalist_137.jpg,kitchen,3.5,train
bedroom/industrial/bedroom_industrial_37.jpg,bedroom,3.0,train
bathroom/boho/bathroom_boho_5.jpg,bathroom,3.2,train
living_room/minimalist/living_room_minimalist_17.jpg,living room,3.5,train
bathroom/industrial/bathroom_industrial_133.jpg,bathroom,3.0,train
bathroom/boho/bathroom_boho_71.jpg,bathroom,3.2,train
kitchen/minimalist/kitchen_minimalist_135.jpg,kitchen,3.5,train
kitchen/modern/kitchen_modern_195.jpg,kitchen,4.5,train
bathroom/industrial/bathroom_industrial_15.jpg,bathroom,3.0,train
living_room/minimalist/living_room_minimalist_158.jpg,living room,3.5,train
kitchen/modern/kitchen_modern_374.jpg,kitchen,4.5,train
kitchen/modern/kitchen_modern_253.jpg,kitchen,4.5,train
bathroom/modern/bathroom_modern_37.jpg,bathroom,4.5,train
bedroom/scandinavian/bedroom_scandinavian_108.jpg,bedroom,4.0,train
bedroom/industrial/bedroom_industrial_62.jpg,bedroom,3.0,train
kitchen/modern/kitchen_modern_96.jpg,kitchen,4.5,train
kitchen/boho/kitchen_boho_155.jpg,kitchen,3.2,train
kitchen/minimalist/kitchen_minimalist_141.jpg,kitchen,3.5,train
kitchen/modern/kitchen_modern_353.jpg,kitchen,4.5,train
kitchen/minimalist/kitchen_minimalist_41.jpg,kitchen,3.5,train
bedroom/boho/bedroom_boho_86.jpg,bedroom,3.2,train
kitchen/boho/kitchen_boho_444.jpg,kitchen,3.2,train
bathroom/modern/bathroom_modern_135.jpg,bathroom,4.5,train
bedroom/boho/bedroom_boho_1.jpg,bedroom,3.2,train
living_room/scandinavian/living_room_scandinavian_83.jpg,living room,4.0,train
kitchen/scandinavian/kitchen_scandinavian_4.jpg,kitchen,4.0,train
bedroom/boho/bedroom_boho_51.jpg,bedroom,3.2,train
kitchen/scandinavian/kitchen_scandinavian_88.jpg,kitchen,4.0,train
kitchen/modern/kitchen_modern_346.jpg,kitchen,4.5,train
kitchen/modern/kitchen_modern_340.jpg,kitchen,4.5,train
living_room/modern/living_room_modern_49.jpg,living room,4.5,train
kitchen/industrial/kitchen_industrial_97.jpg,kitchen,3.0,train
kitchen/modern/kitchen_modern_155.jpg,kitchen,4.5,train
living_room/minimalist/living_room_minimalist_65.jpg,living room,3.5,train
bathroom/industrial/bathroom_industrial_98.jpg,bathroom,3.0,train
bedroom/modern/bedroom_modern_89.jpg,bedroom,4.5,train
living_room/minimalist/living_room_minimalist_95.jpg,living room,3.5,train
kitchen/boho/kitchen_boho_86.jpg,kitchen,3.2,train
living_room/boho/living_room_boho_59.jpg,living room,3.2,train
kitchen/modern/kitchen_modern_190.jpg,kitchen,4.5,train
living_room/minimalist/living_room_minimalist_124.jpg,living room,3.5,train
kitchen/boho/kitchen_boho_157.jpg,kitchen,3.2,train
bathroom/industrial/bathroom_industrial_79.jpg,bathroom,3.0,train
bedroom/minimalist/bedroom_minimalist_51.jpg,bedroom,3.5,train
living_room/minimalist/living_room_minimalist_66.jpg,living room,3.5,train
bedroom/industrial/bedroom_industrial_89.jpg,bedroom,3.0,train
bathroom/scandinavian/bathroom_scandinavian_76.jpg,bathroom,4.0,train
bathroom/minimalist/bathroom_minimalist_155.jpg,bathroom,3.5,train
living_room/industrial/living_room_industrial_17.jpg,living room,3.0,train
bedroom/minimalist/bedroom_minimalist_48.jpg,bedroom,3.5,train
living_room/minimalist/living_room_minimalist_39.jpg,living room,3.5,train
kitchen/minimalist/kitchen_minimalist_187.jpg,kitchen,3.5,train
bedroom/scandinavian/bedroom_scandinavian_91.jpg,bedroom,4.0,train
living_room/modern/living_room_modern_3.jpg,living room,4.5,train
bathroom/boho/bathroom_boho_24.jpg,bathroom,3.2,train
bedroom/boho/bedroom_boho_10.jpg,bedroom,3.2,train
kitchen/industrial/kitchen_industrial_173.jpg,kitchen,3.0,train
bathroom/scandinavian/bathroom_scandinavian_95.jpg,bathroom,4.0,train
living_room/modern/living_room_modern_283.jpg,living room,4.5,train
living_room/modern/living_room_modern_85.jpg,living room,4.5,train
kitchen/boho/kitchen_boho_136.jpg,kitchen,3.2,train
living_room/modern/living_room_modern_73.jpg,living room,4.5,train
bedroom/industrial/bedroom_industrial_135.jpg,bedroom,3.0,train
kitchen/boho/kitchen_boho_158.jpg,kitchen,3.2,train
living_room/minimalist/living_room_minimalist_56.jpg,living room,3.5,train
living_room/scandinavian/living_room_scandinavian_101.jpg,living room,4.0,train
living_room/industrial/living_room_industrial_57.jpg,living room,3.0,train
living_room/industrial/living_room_industrial_63.jpg,living room,3.0,train
kitchen/modern/kitchen_modern_167.jpg,kitchen,4.5,train
kitchen/scandinavian/kitchen_scandinavian_62.jpg,kitchen,4.0,train
bedroom/boho/bedroom_boho_15.jpg,bedroom,3.2,train
kitchen/modern/kitchen_modern_377.jpg,kitchen,4.5,train
bedroom/scandinavian/bedroom_scandinavian_77.jpg,bedroom,4.0,train
kitchen/boho/kitchen_boho_332.jpg,kitchen,3.2,train
kitchen/modern/kitchen_modern_217.jpg,kitchen,4.5,train
bathroom/boho/bathroom_boho_23.jpg,bathroom,3.2,train
kitchen/modern/kitchen_modern_203.jpg,kitchen,4.5,train
bathroom/modern/bathroom_modern_78.jpg,bathroom,4.5,train
kitchen/scandinavian/kitchen_scandinavian_145.jpg,kitchen,4.0,train
kitchen/industrial/kitchen_industrial_18.jpg,kitchen,3.0,train
kitchen/boho/kitchen_boho_0.jpg,kitchen,3.2,train
bedroom/minimalist/bedroom_minimalist_13.jpg,bedroom,3.5,train
living_room/industrial/living_room_industrial_154.jpg,living room,3.0,train
bathroom/boho/bathroom_boho_52.jpg,bathroom,3.2,train
kitchen/industrial/kitchen_industrial_134.jpg,kitchen,3.0,train
kitchen/boho/kitchen_boho_331.jpg,kitchen,3.2,train
bedroom/scandinavian/bedroom_scandinavian_114.jpg,bedroom,4.0,train
kitchen/modern/kitchen_modern_213.jpg,kitchen,4.5,train
kitchen/boho/kitchen_boho_388.jpg,kitchen,3.2,train
kitchen/scandinavian/kitchen_scandinavian_67.jpg,kitchen,4.0,train
kitchen/minimalist/kitchen_minimalist_162.jpg,kitchen,3.5,train
bedroom/boho/bedroom_boho_82.jpg,bedroom,3.2,train
kitchen/modern/kitchen_modern_313.jpg,kitchen,4.5,train
kitchen/boho/kitchen_boho_266.jpg,kitchen,3.2,train
bathroom/industrial/bathroom_industrial_74.jpg,bathroom,3.0,train
living_room/modern/living_room_modern_209.jpg,living room,4.5,train
kitchen/boho/kitchen_boho_184.jpg,kitchen,3.2,train
bathroom/boho/bathroom_boho_48.jpg,bathroom,3.2,train
kitchen/industrial/kitchen_industrial_285.jpg,kitchen,3.0,train
kitchen/boho/kitchen_boho_288.jpg,kitchen,3.2,train
kitchen/boho/kitchen_boho_365.jpg,kitchen,3.2,train
kitchen/boho/kitchen_boho_166.jpg,kitchen,3.2,train
bedroom/industrial/bedroom_industrial_128.jpg,bedroom,3.0,train
living_room/modern/living_room_modern_256.jpg,living room,4.5,train
living_room/industrial/living_room_industrial_113.jpg,living room,3.0,train
bedroom/minimalist/bedroom_minimalist_46.jpg,bedroom,3.5,train
bedroom/modern/bedroom_modern_91.jpg,bedroom,4.5,train
bedroom/scandinavian/bedroom_scandinavian_133.jpg,bedroom,4.0,train
bathroom/modern/bathroom_modern_126.jpg,bathroom,4.5,train
bathroom/scandinavian/bathroom_scandinavian_35.jpg,bathroom,4.0,train
kitchen/modern/kitchen_modern_179.jpg,kitchen,4.5,train
kitchen/industrial/kitchen_industrial_152.jpg,kitchen,3.0,train
bathroom/scandinavian/bathroom_scandinavian_84.jpg,bathroom,4.0,train
kitchen/minimalist/kitchen_minimalist_131.jpg,kitchen,3.5,train
bedroom/minimalist/bedroom_minimalist_130.jpg,bedroom,3.5,train
living_room/boho/living_room_boho_70.jpg,living room,3.2,train
kitchen/industrial/kitchen_industrial_28.jpg,kitchen,3.0,train
living_room/boho/living_room_boho_27.jpg,living room,3.2,train
bedroom/boho/bedroom_boho_17.jpg,bedroom,3.2,train
living_room/modern/living_room_modern_144.jpg,living room,4.5,train
kitchen/industrial/kitchen_industrial_184.jpg,kitchen,3.0,train
bathroom/minimalist/bathroom_minimalist_106.jpg,bathroom,3.5,train
living_room/modern/living_room_modern_2.jpg,living room,4.5,train
kitchen/boho/kitchen_boho_146.jpg,kitchen,3.2,train
kitchen/industrial/kitchen_industrial_2.jpg,kitchen,3.0,train
kitchen/scandinavian/kitchen_scandinavian_78.jpg,kitchen,4.0,train
bedroom/boho/bedroom_boho_77.jpg,bedroom,3.2,train
bedroom/industrial/bedroom_industrial_197.jpg,bedroom,3.0,train
living_room/modern/living_room_modern_179.jpg,living room,4.5,train
kitchen/boho/kitchen_boho_296.jpg,kitchen,3.2,train
bedroom/industrial/bedroom_industrial_173.jpg,bedroom,3.0,train
bedroom/minimalist/bedroom_minimalist_120.jpg,bedroom,3.5,train
bathroom/minimalist/bathroom_minimalist_77.jpg,bathroom,3.5,train
bathroom/minimalist/bathroom_minimalist_119.jpg,bathroom,3.5,train
bedroom/minimalist/bedroom_minimalist_137.jpg,bedroom,3.5,train
bathroom/minimalist/bathroom_minimalist_149.jpg,bathroom,3.5,train
kitchen/boho/kitchen_boho_233.jpg,kitchen,3.2,train
living_room/industrial/living_room_industrial_187.jpg,living room,3.0,train
bedroom/modern/bedroom_modern_24.jpg,bedroom,4.5,train
kitchen/industrial/kitchen_industrial_258.jpg,kitchen,3.0,train
kitchen/modern/kitchen_modern_139.jpg,kitchen,4.5,train
living_room/scandinavian/living_room_scandinavian_34.jpg,living room,4.0,train
kitchen/boho/kitchen_boho_403.jpg,kitchen,3.2,train
living_room/scandinavian/living_room_scandinavian_133.jpg,living room,4.0,train
living_room/boho/living_room_boho_95.jpg,living room,3.2,train
living_room/industrial/living_room_industrial_168.jpg,living room,3.0,train
kitchen/minimalist/kitchen_minimalist_145.jpg,kitchen,3.5,train
bedroom/minimalist/bedroom_minimalist_153.jpg,bedroom,3.5,train
kitchen/minimalist/kitchen_minimalist_154.jpg,kitchen,3.5,train
living_room/modern/living_room_modern_186.jpg,living room,4.5,train
living_room/boho/living_room_boho_33.jpg,living room,3.2,train
bedroom/minimalist/bedroom_minimalist_133.jpg,bedroom,3.5,train
bedroom/minimalist/bedroom_minimalist_124.jpg,bedroom,3.5,train
bathroom/boho/bathroom_boho_33.jpg,bathroom,3.2,train
bathroom/industrial/bathroom_industrial_14.jpg,bathroom,3.0,train
bathroom/modern/bathroom_modern_121.jpg,bathroom,4.5,train
living_room/modern/living_room_modern_36.jpg,living room,4.5,train
bedroom/industrial/bedroom_industrial_189.jpg,bedroom,3.0,train
kitchen/minimalist/kitchen_minimalist_54.jpg,kitchen,3.5,train
living_room/modern/living_room_modern_192.jpg,living room,4.5,train
kitchen/modern/kitchen_modern_28.jpg,kitchen,4.5,train
bathroom/modern/bathroom_modern_13.jpg,bathroom,4.5,train
kitchen/scandinavian/kitchen_scandinavian_5.jpg,kitchen,4.0,train
kitchen/modern/kitchen_modern_317.jpg,kitchen,4.5,train
bathroom/scandinavian/bathroom_scandinavian_71.jpg,bathroom,4.0,train
kitchen/boho/kitchen_boho_402.jpg,kitchen,3.2,train
living_room/modern/living_room_modern_227.jpg,living room,4.5,train
living_room/minimalist/living_room_minimalist_59.jpg,living room,3.5,train
kitchen/boho/kitchen_boho_423.jpg,kitchen,3.2,train
living_room/modern/living_room_modern_39.jpg,living room,4.5,train
bedroom/minimalist/bedroom_minimalist_161.jpg,bedroom,3.5,train
kitchen/scandinavian/kitchen_scandinavian_90.jpg,kitchen,4.0,train
living_room/modern/living_room_modern_164.jpg,living room,4.5,train
bedroom/modern/bedroom_modern_50.jpg,bedroom,4.5,train
kitchen/boho/kitchen_boho_430.jpg,kitchen,3.2,train
kitchen/minimalist/kitchen_minimalist_138.jpg,kitchen,3.5,train
bathroom/industrial/bathroom_industrial_114.jpg,bathroom,3.0,train
bedroom/modern/bedroom_modern_14.jpg,bedroom,4.5,train
bedroom/modern/bedroom_modern_153.jpg,bedroom,4.5,train
kitchen/minimalist/kitchen_minimalist_59.jpg,kitchen,3.5,train
living_room/modern/living_room_modern_140.jpg,living room,4.5,train
living_room/boho/living_room_boho_96.jpg,living room,3.2,train
kitchen/industrial/kitchen_industrial_51.jpg,kitchen,3.0,train
bathroom/modern/bathroom_modern_112.jpg,bathroom,4.5,train
bedroom/minimalist/bedroom_minimalist_28.jpg,bedroom,3.5,train
bedroom/industrial/bedroom_industrial_188.jpg,bedroom,3.0,train
bathroom/boho/bathroom_boho_108.jpg,bathroom,3.2,train
living_room/modern/living_room_modern_180.jpg,living room,4.5,train
bathroom/modern/bathroom_modern_105.jpg,bathroom,4.5,train
kitchen/modern/kitchen_modern_64.jpg,kitchen,4.5,train
bedroom/industrial/bedroom_industrial_144.jpg,bedroom,3.0,train
bedroom/scandinavian/bedroom_scandinavian_41.jpg,bedroom,4.0,train
bedroom/industrial/bedroom_industrial_191.jpg,bedroom,3.0,train
living_room/modern/living_room_modern_96.jpg,living room,4.5,train
living_room/minimalist/living_room_minimalist_26.jpg,living room,3.5,train
bathroom/boho/bathroom_boho_37.jpg,bathroom,3.2,train
bedroom/minimalist/bedroom_minimalist_85.jpg,bedroom,3.5,train
bedroom/minimalist/bedroom_minimalist_112.jpg,bedroom,3.5,train
kitchen/scandinavian/kitchen_scandinavian_83.jpg,kitchen,4.0,train
kitchen/minimalist/kitchen_minimalist_37.jpg,kitchen,3.5,train
bedroom/minimalist/bedroom_minimalist_29.jpg,bedroom,3.5,train
bathroom/boho/bathroom_boho_32.jpg,bathroom,3.2,train
kitchen/modern/kitchen_modern_138.jpg,kitchen,4.5,train
bathroom/minimalist/bathroom_minimalist_151.jpg,bathroom,3.5,train
living_room/minimalist/living_room_minimalist_165.jpg,living room,3.5,train
living_room/minimalist/living_room_minimalist_37.jpg,living room,3.5,train
bedroom/industrial/bedroom_industrial_77.jpg,bedroom,3.0,train
bedroom/scandinavian/bedroom_scandinavian_0.jpg,bedroom,4.0,train
living_room/industrial/living_room_industrial_48.jpg,living room,3.0,train
living_room/modern/living_room_modern_11.jpg,living room,4.5,train
bathroom/scandinavian/bathroom_scandinavian_96.jpg,bathroom,4.0,train
bathroom/modern/bathroom_modern_14.jpg,bathroom,4.5,train
bathroom/scandinavian/bathroom_scandinavian_28.jpg,bathroom,4.0,train
kitchen/scandinavian/kitchen_scandinavian_49.jpg,kitchen,4.0,train
bathroom/boho/bathroom_boho_20.jpg,bathroom,3.2,train
kitchen/modern/kitchen_modern_365.jpg,kitchen,4.5,train
bathroom/boho/bathroom_boho_8.jpg,bathroom,3.2,train
bedroom/industrial/bedroom_industrial_111.jpg,bedroom,3.0,train
living_room/minimalist/living_room_minimalist_102.jpg,living room,3.5,train
living_room/boho/living_room_boho_52.jpg,living room,3.2,train
bedroom/scandinavian/bedroom_scandinavian_21.jpg,bedroom,4.0,train
kitchen/boho/kitchen_boho_111.jpg,kitchen,3.2,train
bedroom/scandinavian/bedroom_scandinavian_28.jpg,bedroom,4.0,train
kitchen/industrial/kitchen_industrial_276.jpg,kitchen,3.0,train
kitchen/boho/kitchen_boho_247.jpg,kitchen,3.2,train
kitchen/modern/kitchen_modern_354.jpg,kitchen,4.5,train
bathroom/modern/bathroom_modern_52.jpg,bathroom,4.5,train
kitchen/minimalist/kitchen_minimalist_0.jpg,kitchen,3.5,train
kitchen/modern/kitchen_modern_230.jpg,kitchen,4.5,train
kitchen/boho/kitchen_boho_322.jpg,kitchen,3.2,train
kitchen/boho/kitchen_boho_212.jpg,kitchen,3.2,train
kitchen/industrial/kitchen_industrial_89.jpg,kitchen,3.0,train
living_room/modern/living_room_modern_70.jpg,living room,4.5,train
bathroom/boho/bathroom_boho_99.jpg,bathroom,3.2,train
kitchen/minimalist/kitchen_minimalist_105.jpg,kitchen,3.5,train
living_room/scandinavian/living_room_scandinavian_20.jpg,living room,4.0,train
kitchen/modern/kitchen_modern_334.jpg,kitchen,4.5,train
living_room/boho/living_room_boho_84.jpg,living room,3.2,train
kitchen/minimalist/kitchen_minimalist_48.jpg,kitchen,3.5,train
living_room/modern/living_room_modern_249.jpg,living room,4.5,train
living_room/modern/living_room_modern_133.jpg,living room,4.5,train
kitchen/boho/kitchen_boho_198.jpg,kitchen,3.2,train
bedroom/modern/bedroom_modern_42.jpg,bedroom,4.5,train
bathroom/modern/bathroom_modern_45.jpg,bathroom,4.5,train
living_room/minimalist/living_room_minimalist_25.jpg,living room,3.5,train
kitchen/modern/kitchen_modern_187.jpg,kitchen,4.5,train
living_room/scandinavian/living_room_scandinavian_16.jpg,living room,4.0,train
kitchen/boho/kitchen_boho_186.jpg,kitchen,3.2,train
kitchen/industrial/kitchen_industrial_113.jpg,kitchen,3.0,train
bedroom/industrial/bedroom_industrial_143.jpg,bedroom,3.0,train
kitchen/scandinavian/kitchen_scandinavian_41.jpg,kitchen,4.0,train
bathroom/scandinavian/bathroom_scandinavian_91.jpg,bathroom,4.0,train
kitchen/modern/kitchen_modern_323.jpg,kitchen,4.5,train
living_room/modern/living_room_modern_152.jpg,living room,4.5,train
living_room/scandinavian/living_room_scandinavian_102.jpg,living room,4.0,train
kitchen/boho/kitchen_boho_28.jpg,kitchen,3.2,train
bedroom/minimalist/bedroom_minimalist_31.jpg,bedroom,3.5,train
bedroom/scandinavian/bedroom_scandinavian_101.jpg,bedroom,4.0,train
kitchen/scandinavian/kitchen_scandinavian_35.jpg,kitchen,4.0,train
bedroom/minimalist/bedroom_minimalist_65.jpg,bedroom,3.5,train
bedroom/scandinavian/bedroom_scandinavian_102.jpg,bedroom,4.0,train
kitchen/modern/kitchen_modern_109.jpg,kitchen,4.5,train
kitchen/industrial/kitchen_industrial_101.jpg,kitchen,3.0,train
bathroom/modern/bathroom_modern_28.jpg,bathroom,4.5,train
bedroom/minimalist/bedroom_minimalist_47.jpg,bedroom,3.5,train
kitchen/modern/kitchen_modern_5.jpg,kitchen,4.5,train
kitchen/industrial/kitchen_industrial_80.jpg,kitchen,3.0,train
living_room/boho/living_room_boho_158.jpg,living room,3.2,train
living_room/minimalist/living_room_minimalist_98.jpg,living room,3.5,train
kitchen/boho/kitchen_boho_440.jpg,kitchen,3.2,train
living_room/boho/living_room_boho_122.jpg,living room,3.2,train
kitchen/minimalist/kitchen_minimalist_7.jpg,kitchen,3.5,train
kitchen/modern/kitchen_modern_110.jpg,kitchen,4.5,train
living_room/boho/living_room_boho_37.jpg,living room,3.2,train
bedroom/industrial/bedroom_industrial_174.jpg,bedroom,3.0,train
bathroom/boho/bathroom_boho_40.jpg,bathroom,3.2,train
kitchen/boho/kitchen_boho_458.jpg,kitchen,3.2,train
kitchen/boho/kitchen_boho_120.jpg,kitchen,3.2,train
kitchen/boho/kitchen_boho_339.jpg,kitchen,3.2,train
living_room/modern/living_room_modern_52.jpg,living room,4.5,train
bedroom/boho/bedroom_boho_103.jpg,bedroom,3.2,train
bedroom/modern/bedroom_modern_175.jpg,bedroom,4.5,train
bedroom/scandinavian/bedroom_scandinavian_13.jpg,bedroom,4.0,train
bathroom/minimalist/bathroom_minimalist_162.jpg,bathroom,3.5,train
kitchen/modern/kitchen_modern_286.jpg,kitchen,4.5,train
bathroom/industrial/bathroom_industrial_24.jpg,bathroom,3.0,train
living_room/minimalist/living_room_minimalist_147.jpg,living room,3.5,train
bathroom/scandinavian/bathroom_scandinavian_1.jpg,bathroom,4.0,train
bedroom/scandinavian/bedroom_scandinavian_39.jpg,bedroom,4.0,train
bedroom/scandinavian/bedroom_scandinavian_55.jpg,bedroom,4.0,train
bathroom/industrial/bathroom_industrial_136.jpg,bathroom,3.0,train
kitchen/boho/kitchen_boho_114.jpg,kitchen,3.2,train
living_room/boho/living_room_boho_112.jpg,living room,3.2,train
bedroom/scandinavian/bedroom_scandinavian_152.jpg,bedroom,4.0,train
kitchen/minimalist/kitchen_minimalist_24.jpg,kitchen,3.5,train
kitchen/modern/kitchen_modern_189.jpg,kitchen,4.5,train
kitchen/scandinavian/kitchen_scandinavian_144.jpg,kitchen,4.0,train
bathroom/modern/bathroom_modern_117.jpg,bathroom,4.5,train
bathroom/modern/bathroom_modern_7.jpg,bathroom,4.5,train
living_room/boho/living_room_boho_141.jpg,living room,3.2,train
living_room/minimalist/living_room_minimalist_128.jpg,living room,3.5,train
kitchen/boho/kitchen_boho_259.jpg,kitchen,3.2,train
kitchen/industrial/kitchen_industrial_6.jpg,kitchen,3.0,train
kitchen/modern/kitchen_modern_13.jpg,kitchen,4.5,train
kitchen/industrial/kitchen_industrial_228.jpg,kitchen,3.0,train
bedroom/boho/bedroom_boho_62.jpg,bedroom,3.2,train
bathroom/minimalist/bathroom_minimalist_72.jpg,bathroom,3.5,train
kitchen/modern/kitchen_modern_89.jpg,kitchen,4.5,train
kitchen/industrial/kitchen_industrial_250.jpg,kitchen,3.0,train
kitchen/minimalist/kitchen_minimalist_80.jpg,kitchen,3.5,train
kitchen/modern/kitchen_modern_237.jpg,kitchen,4.5,train
bedroom/industrial/bedroom_industrial_172.jpg,bedroom,3.0,train
living_room/boho/living_room_boho_5.jpg,living room,3.2,train
bathroom/minimalist/bathroom_minimalist_68.jpg,bathroom,3.5,train
bedroom/minimalist/bedroom_minimalist_97.jpg,bedroom,3.5,train
living_room/minimalist/living_room_minimalist_181.jpg,living room,3.5,train
kitchen/boho/kitchen_boho_126.jpg,kitchen,3.2,train
bathroom/industrial/bathroom_industrial_131.jpg,bathroom,3.0,train
living_room/modern/living_room_modern_21.jpg,living room,4.5,train
living_room/boho/living_room_boho_100.jpg,living room,3.2,train
kitchen/industrial/kitchen_industrial_55.jpg,kitchen,3.0,train
bathroom/modern/bathroom_modern_79.jpg,bathroom,4.5,train
kitchen/industrial/kitchen_industrial_238.jpg,kitchen,3.0,train
bedroom/modern/bedroom_modern_137.jpg,bedroom,4.5,train
kitchen/industrial/kitchen_industrial_223.jpg,kitchen,3.0,train
kitchen/modern/kitchen_modern_47.jpg,kitchen,4.5,train
kitchen/modern/kitchen_modern_149.jpg,kitchen,4.5,train
living_room/boho/living_room_boho_120.jpg,living room,3.2,train
living_room/modern/living_room_modern_246.jpg,living room,4.5,train
bedroom/minimalist/bedroom_minimalist_179.jpg,bedroom,3.5,train
bathroom/minimalist/bathroom_minimalist_76.jpg,bathroom,3.5,train
kitchen/modern/kitchen_modern_45.jpg,kitchen,4.5,train
bathroom/minimalist/bathroom_minimalist_23.jpg,bathroom,3.5,train
living_room/industrial/living_room_industrial_82.jpg,living room,3.0,train
kitchen/minimalist/kitchen_minimalist_8.jpg,kitchen,3.5,train
bathroom/boho/bathroom_boho_64.jpg,bathroom,3.2,train
kitchen/scandinavian/kitchen_scandinavian_132.jpg,kitchen,4.0,train
kitchen/industrial/kitchen_industrial_7.jpg,kitchen,3.0,train
kitchen/boho/kitchen_boho_336.jpg,kitchen,3.2,train
kitchen/industrial/kitchen_industrial_185.jpg,kitchen,3.0,train
bedroom/scandinavian/bedroom_scandinavian_90.jpg,bedroom,4.0,train
kitchen/industrial/kitchen_industrial_243.jpg,kitchen,3.0,train
bedroom/modern/bedroom_modern_135.jpg,bedroom,4.5,train
living_room/minimalist/living_room_minimalist_132.jpg,living room,3.5,train
living_room/minimalist/living_room_minimalist_168.jpg,living room,3.5,train
kitchen/boho/kitchen_boho_95.jpg,kitchen,3.2,train
bedroom/scandinavian/bedroom_scandinavian_52.jpg,bedroom,4.0,train
bathroom/modern/bathroom_modern_23.jpg,bathroom,4.5,train
kitchen/industrial/kitchen_industrial_288.jpg,kitchen,3.0,train
kitchen/modern/kitchen_modern_292.jpg,kitchen,4.5,train
bathroom/industrial/bathroom_industrial_146.jpg,bathroom,3.0,train
kitchen/boho/kitchen_boho_354.jpg,kitchen,3.2,train
kitchen/boho/kitchen_boho_359.jpg,kitchen,3.2,train
bathroom/modern/bathroom_modern_74.jpg,bathroom,4.5,train
bedroom/boho/bedroom_boho_53.jpg,bedroom,3.2,train
living_room/modern/living_room_modern_25.jpg,living room,4.5,train
kitchen/boho/kitchen_boho_55.jpg,kitchen,3.2,train
kitchen/scandinavian/kitchen_scandinavian_95.jpg,kitchen,4.0,train
bedroom/industrial/bedroom_industrial_114.jpg,bedroom,3.0,train
kitchen/boho/kitchen_boho_160.jpg,kitchen,3.2,train
kitchen/industrial/kitchen_industrial_159.jpg,kitchen,3.0,train
kitchen/industrial/kitchen_industrial_262.jpg,kitchen,3.0,train
kitchen/industrial/kitchen_industrial_261.jpg,kitchen,3.0,train
bathroom/scandinavian/bathroom_scandinavian_26.jpg,bathroom,4.0,train
kitchen/modern/kitchen_modern_10.jpg,kitchen,4.5,train
living_room/modern/living_room_modern_143.jpg,living room,4.5,train
kitchen/modern/kitchen_modern_247.jpg,kitchen,4.5,train
bedroom/minimalist/bedroom_minimalist_38.jpg,bedroom,3.5,train
bedroom/modern/bedroom_modern_88.jpg,bedroom,4.5,train
kitchen/boho/kitchen_boho_98.jpg,kitchen,3.2,train
kitchen/boho/kitchen_boho_412.jpg,kitchen,3.2,train
bedroom/minimalist/bedroom_minimalist_108.jpg,bedroom,3.5,train
kitchen/boho/kitchen_boho_294.jpg,kitchen,3.2,train
bathroom/boho/bathroom_boho_47.jpg,bathroom,3.2,train
kitchen/modern/kitchen_modern_135.jpg,kitchen,4.5,train
bathroom/modern/bathroom_modern_53.jpg,bathroom,4.5,train
kitchen/industrial/kitchen_industrial_38.jpg,kitchen,3.0,train
bathroom/industrial/bathroom_industrial_104.jpg,bathroom,3.0,train
bathroom/scandinavian/bathroom_scandinavian_107.jpg,bathroom,4.0,train
living_room/modern/living_room_modern_98.jpg,living room,4.5,train
bedroom/industrial/bedroom_industrial_69.jpg,bedroom,3.0,train
bathroom/scandinavian/bathroom_scandinavian_118.jpg,bathroom,4.0,train
kitchen/boho/kitchen_boho_222.jpg,kitchen,3.2,train
kitchen/scandinavian/kitchen_scandinavian_60.jpg,kitchen,4.0,train
kitchen/scandinavian/kitchen_scandinavian_142.jpg,kitchen,4.0,train
kitchen/modern/kitchen_modern_78.jpg,kitchen,4.5,train
bathroom/industrial/bathroom_industrial_26.jpg,bathroom,3.0,train
bathroom/industrial/bathroom_industrial_65.jpg,bathroom,3.0,train
living_room/modern/living_room_modern_176.jpg,living room,4.5,train
kitchen/modern/kitchen_modern_119.jpg,kitchen,4.5,train
kitchen/industrial/kitchen_industrial_168.jpg,kitchen,3.0,train
kitchen/boho/kitchen_boho_74.jpg,kitchen,3.2,train
bedroom/scandinavian/bedroom_scandinavian_81.jpg,bedroom,4.0,train
living_room/scandinavian/living_room_scandinavian_159.jpg,living room,4.0,train
living_room/modern/living_room_modern_216.jpg,living room,4.5,train
kitchen/scandinavian/kitchen_scandinavian_136.jpg,kitchen,4.0,train
bathroom/industrial/bathroom_industrial_35.jpg,bathroom,3.0,train
bedroom/modern/bedroom_modern_131.jpg,bedroom,4.5,train
kitchen/industrial/kitchen_industrial_212.jpg,kitchen,3.0,train
kitchen/boho/kitchen_boho_457.jpg,kitchen,3.2,train
kitchen/modern/kitchen_modern_32.jpg,kitchen,4.5,train
bedroom/minimalist/bedroom_minimalist_82.jpg,bedroom,3.5,train
kitchen/boho/kitchen_boho_289.jpg,kitchen,3.2,train
kitchen/boho/kitchen_boho_340.jpg,kitchen,3.2,train
living_room/modern/living_room_modern_261.jpg,living room,4.5,train
bedroom/boho/bedroom_boho_69.jpg,bedroom,3.2,train
living_room/minimalist/living_room_minimalist_129.jpg,living room,3.5,train
kitchen/modern/kitchen_modern_371.jpg,kitchen,4.5,train
kitchen/industrial/kitchen_industrial_61.jpg,kitchen,3.0,train
bathroom/industrial/bathroom_industrial_1.jpg,bathroom,3.0,train
kitchen/minimalist/kitchen_minimalist_69.jpg,kitchen,3.5,train
kitchen/scandinavian/kitchen_scandinavian_61.jpg,kitchen,4.0,train
living_room/industrial/living_room_industrial_174.jpg,living room,3.0,train
living_room/minimalist/living_room_minimalist_176.jpg,living room,3.5,train
living_room/industrial/living_room_industrial_28.jpg,living room,3.0,train
bathroom/industrial/bathroom_industrial_141.jpg,bathroom,3.0,train
bathroom/scandinavian/bathroom_scandinavian_94.jpg,bathroom,4.0,train
kitchen/industrial/kitchen_industrial_109.jpg,kitchen,3.0,train
living_room/boho/living_room_boho_152.jpg,living room,3.2,train
bathroom/scandinavian/bathroom_scandinavian_90.jpg,bathroom,4.0,train
bathroom/industrial/bathroom_industrial_29.jpg,bathroom,3.0,train
bedroom/industrial/bedroom_industrial_186.jpg,bedroom,3.0,train
kitchen/boho/kitchen_boho_152.jpg,kitchen,3.2,train
bedroom/scandinavian/bedroom_scandinavian_131.jpg,bedroom,4.0,train
bathroom/scandinavian/bathroom_scandinavian_32.jpg,bathroom,4.0,train
living_room/industrial/living_room_industrial_110.jpg,living room,3.0,train
living_room/boho/living_room_boho_128.jpg,living room,3.2,train
kitchen/scandinavian/kitchen_scandinavian_9.jpg,kitchen,4.0,train
living_room/modern/living_room_modern_280.jpg,living room,4.5,train
bedroom/modern/bedroom_modern_2.jpg,bedroom,4.5,train
kitchen/scandinavian/kitchen_scandinavian_103.jpg,kitchen,4.0,train
kitchen/industrial/kitchen_industrial_263.jpg,kitchen,3.0,train
living_room/boho/living_room_boho_183.jpg,living room,3.2,train
living_room/scandinavian/living_room_scandinavian_138.jpg,living room,4.0,train
bathroom/minimalist/bathroom_minimalist_167.jpg,bathroom,3.5,train
kitchen/boho/kitchen_boho_51.jpg,kitchen,3.2,train
bathroom/industrial/bathroom_industrial_55.jpg,bathroom,3.0,train
bathroom/scandinavian/bathroom_scandinavian_56.jpg,bathroom,4.0,train
kitchen/industrial/kitchen_industrial_175.jpg,kitchen,3.0,train
bedroom/modern/bedroom_modern_140.jpg,bedroom,4.5,train
kitchen/boho/kitchen_boho_376.jpg,kitchen,3.2,train
bedroom/minimalist/bedroom_minimalist_49.jpg,bedroom,3.5,train
living_room/industrial/living_room_industrial_90.jpg,living room,3.0,train
bathroom/minimalist/bathroom_minimalist_152.jpg,bathroom,3.5,train
kitchen/minimalist/kitchen_minimalist_68.jpg,kitchen,3.5,train
kitchen/modern/kitchen_modern_86.jpg,kitchen,4.5,train
kitchen/boho/kitchen_boho_14.jpg,kitchen,3.2,train
bathroom/boho/bathroom_boho_17.jpg,bathroom,3.2,train
living_room/scandinavian/living_room_scandinavian_1.jpg,living room,4.0,train
bathroom/scandinavian/bathroom_scandinavian_33.jpg,bathroom,4.0,train
bedroom/modern/bedroom_modern_6.jpg,bedroom,4.5,train
kitchen/modern/kitchen_modern_127.jpg,kitchen,4.5,train
bedroom/industrial/bedroom_industrial_68.jpg,bedroom,3.0,train
bedroom/minimalist/bedroom_minimalist_60.jpg,bedroom,3.5,train
kitchen/boho/kitchen_boho_337.jpg,kitchen,3.2,train
kitchen/boho/kitchen_boho_213.jpg,kitchen,3.2,train
bedroom/boho/bedroom_boho_66.jpg,bedroom,3.2,train
living_room/scandinavian/living_room_scandinavian_95.jpg,living room,4.0,train
bedroom/minimalist/bedroom_minimalist_152.jpg,bedroom,3.5,train
kitchen/industrial/kitchen_industrial_157.jpg,kitchen,3.0,train
bedroom/industrial/bedroom_industrial_94.jpg,bedroom,3.0,train
living_room/modern/living_room_modern_87.jpg,living room,4.5,train
living_room/scandinavian/living_room_scandinavian_111.jpg,living room,4.0,train
living_room/scandinavian/living_room_scandinavian_94.jpg,living room,4.0,train
kitchen/minimalist/kitchen_minimalist_10.jpg,kitchen,3.5,train
kitchen/industrial/kitchen_industrial_248.jpg,kitchen,3.0,train
kitchen/industrial/kitchen_industrial_203.jpg,kitchen,3.0,train
living_room/industrial/living_room_industrial_53.jpg,living room,3.0,train
kitchen/modern/kitchen_modern_152.jpg,kitchen,4.5,train
kitchen/modern/kitchen_modern_289.jpg,kitchen,4.5,train
kitchen/boho/kitchen_boho_427.jpg,kitchen,3.2,train
kitchen/modern/kitchen_modern_205.jpg,kitchen,4.5,train
bathroom/minimalist/bathroom_minimalist_71.jpg,bathroom,3.5,train
kitchen/industrial/kitchen_industrial_215.jpg,kitchen,3.0,train
kitchen/minimalist/kitchen_minimalist_136.jpg,kitchen,3.5,train
bathroom/scandinavian/bathroom_scandinavian_55.jpg,bathroom,4.0,train
kitchen/industrial/kitchen_industrial_98.jpg,kitchen,3.0,train
bathroom/minimalist/bathroom_minimalist_107.jpg,bathroom,3.5,train
bathroom/scandinavian/bathroom_scandinavian_39.jpg,bathroom,4.0,train
bedroom/scandinavian/bedroom_scandinavian_54.jpg,bedroom,4.0,train
bedroom/industrial/bedroom_industrial_38.jpg,bedroom,3.0,train
bedroom/minimalist/bedroom_minimalist_78.jpg,bedroom,3.5,train
living_room/industrial/living_room_industrial_147.jpg,living room,3.0,train
kitchen/industrial/kitchen_industrial_16.jpg,kitchen,3.0,train
bedroom/modern/bedroom_modern_124.jpg,bedroom,4.5,train
kitchen/scandinavian/kitchen_scandinavian_59.jpg,kitchen,4.0,train
bedroom/industrial/bedroom_industrial_85.jpg,bedroom,3.0,train
bedroom/modern/bedroom_modern_55.jpg,bedroom,4.5,train
living_room/modern/living_room_modern_181.jpg,living room,4.5,train
kitchen/minimalist/kitchen_minimalist_78.jpg,kitchen,3.5,train
kitchen/boho/kitchen_boho_169.jpg,kitchen,3.2,train
bedroom/minimalist/bedroom_minimalist_57.jpg,bedroom,3.5,train
living_room/minimalist/living_room_minimalist_188.jpg,living room,3.5,train
kitchen/minimalist/kitchen_minimalist_129.jpg,kitchen,3.5,train
living_room/industrial/living_room_industrial_144.jpg,living room,3.0,train
bathroom/scandinavian/bathroom_scandinavian_31.jpg,bathroom,4.0,train
kitchen/scandinavian/kitchen_scandinavian_19.jpg,kitchen,4.0,train
bedroom/industrial/bedroom_industrial_27.jpg,bedroom,3.0,train
bathroom/industrial/bathroom_industrial_142.jpg,bathroom,3.0,train
bathroom/boho/bathroom_boho_66.jpg,bathroom,3.2,train
kitchen/industrial/kitchen_industrial_158.jpg,kitchen,3.0,train
living_room/industrial/living_room_industrial_115.jpg,living room,3.0,train
kitchen/industrial/kitchen_industrial_37.jpg,kitchen,3.0,train
living_room/modern/living_room_modern_14.jpg,living room,4.5,train
kitchen/boho/kitchen_boho_370.jpg,kitchen,3.2,train
bedroom/industrial/bedroom_industrial_76.jpg,bedroom,3.0,train
kitchen/modern/kitchen_modern_342.jpg,kitchen,4.5,train
kitchen/industrial/kitchen_industrial_153.jpg,kitchen,3.0,train
living_room/scandinavian/living_room_scandinavian_73.jpg,living room,4.0,train
living_room/minimalist/living_room_minimalist_111.jpg,living room,3.5,train
kitchen/minimalist/kitchen_minimalist_101.jpg,kitchen,3.5,train
bathroom/modern/bathroom_modern_40.jpg,bathroom,4.5,train
bedroom/minimalist/bedroom_minimalist_138.jpg,bedroom,3.5,train
kitchen/modern/kitchen_modern_197.jpg,kitchen,4.5,train
living_room/minimalist/living_room_minimalist_69.jpg,living room,3.5,train
living_room/minimalist/living_room_minimalist_74.jpg,living room,3.5,train
kitchen/boho/kitchen_boho_168.jpg,kitchen,3.2,train
kitchen/modern/kitchen_modern_372.jpg,kitchen,4.5,train
bedroom/boho/bedroom_boho_59.jpg,bedroom,3.2,train
living_room/industrial/living_room_industrial_100.jpg,living room,3.0,train
living_room/minimalist/living_room_minimalist_68.jpg,living room,3.5,train
bedroom/scandinavian/bedroom_scandinavian_62.jpg,bedroom,4.0,train
kitchen/boho/kitchen_boho_447.jpg,kitchen,3.2,train
living_room/minimalist/living_room_minimalist_84.jpg,living room,3.5,train
living_room/boho/living_room_boho_117.jpg,living room,3.2,train
living_room/boho/living_room_boho_8.jpg,living room,3.2,train
bedroom/industrial/bedroom_industrial_64.jpg,bedroom,3.0,train
living_room/modern/living_room_modern_187.jpg,living room,4.5,train
bedroom/scandinavian/bedroom_scandinavian_78.jpg,bedroom,4.0,train
bedroom/scandinavian/bedroom_scandinavian_95.jpg,bedroom,4.0,train
living_room/industrial/living_room_industrial_35.jpg,living room,3.0,train
bathroom/industrial/bathroom_industrial_128.jpg,bathroom,3.0,train
bedroom/scandinavian/bedroom_scandinavian_119.jpg,bedroom,4.0,train
kitchen/minimalist/kitchen_minimalist_77.jpg,kitchen,3.5,train
bedroom/scandinavian/bedroom_scandinavian_144.jpg,bedroom,4.0,train
living_room/boho/living_room_boho_74.jpg,living room,3.2,train
bedroom/industrial/bedroom_industrial_17.jpg,bedroom,3.0,train
bathroom/boho/bathroom_boho_101.jpg,bathroom,3.2,train
kitchen/industrial/kitchen_industrial_107.jpg,kitchen,3.0,train
bathroom/modern/bathroom_modern_69.jpg,bathroom,4.5,train
kitchen/minimalist/kitchen_minimalist_142.jpg,kitchen,3.5,train
kitchen/boho/kitchen_boho_107.jpg,kitchen,3.2,train
bathroom/modern/bathroom_modern_93.jpg,bathroom,4.5,train
kitchen/boho/kitchen_boho_153.jpg,kitchen,3.2,train
bathroom/scandinavian/bathroom_scandinavian_58.jpg,bathroom,4.0,train
bedroom/boho/bedroom_boho_95.jpg,bedroom,3.2,train
bedroom/modern/bedroom_modern_161.jpg,bedroom,4.5,train
bedroom/scandinavian/bedroom_scandinavian_120.jpg,bedroom,4.0,train
bathroom/scandinavian/bathroom_scandinavian_52.jpg,bathroom,4.0,train
kitchen/minimalist/kitchen_minimalist_52.jpg,kitchen,3.5,train
bathroom/scandinavian/bathroom_scandinavian_12.jpg,bathroom,4.0,train
bedroom/industrial/bedroom_industrial_127.jpg,bedroom,3.0,train
bedroom/industrial/bedroom_industrial_41.jpg,bedroom,3.0,train
living_room/industrial/living_room_industrial_169.jpg,living room,3.0,train
bathroom/minimalist/bathroom_minimalist_35.jpg,bathroom,3.5,train
bathroom/industrial/bathroom_industrial_47.jpg,bathroom,3.0,train
bathroom/modern/bathroom_modern_133.jpg,bathroom,4.5,train
kitchen/scandinavian/kitchen_scandinavian_31.jpg,kitchen,4.0,train
kitchen/boho/kitchen_boho_11.jpg,kitchen,3.2,train
living_room/scandinavian/living_room_scandinavian_141.jpg,living room,4.0,train
bathroom/industrial/bathroom_industrial_91.jpg,bathroom,3.0,train
bedroom/scandinavian/bedroom_scandinavian_9.jpg,bedroom,4.0,train
living_room/modern/living_room_modern_297.jpg,living room,4.5,train
living_room/modern/living_room_modern_190.jpg,living room,4.5,train
kitchen/boho/kitchen_boho_80.jpg,kitchen,3.2,train
living_room/industrial/living_room_industrial_180.jpg,living room,3.0,train
bedroom/minimalist/bedroom_minimalist_147.jpg,bedroom,3.5,train
bedroom/modern/bedroom_modern_101.jpg,bedroom,4.5,train
bedroom/industrial/bedroom_industrial_66.jpg,bedroom,3.0,train
living_room/industrial/living_room_industrial_98.jpg,living room,3.0,train
kitchen/minimalist/kitchen_minimalist_188.jpg,kitchen,3.5,train
bedroom/modern/bedroom_modern_157.jpg,bedroom,4.5,train
living_room/modern/living_room_modern_254.jpg,living room,4.5,train
living_room/boho/living_room_boho_77.jpg,living room,3.2,train
kitchen/modern/kitchen_modern_153.jpg,kitchen,4.5,train
living_room/boho/living_room_boho_3.jpg,living room,3.2,train
kitchen/minimalist/kitchen_minimalist_88.jpg,kitchen,3.5,train
living_room/scandinavian/living_room_scandinavian_155.jpg,living room,4.0,train
bathroom/boho/bathroom_boho_9.jpg,bathroom,3.2,train
bathroom/industrial/bathroom_industrial_151.jpg,bathroom,3.0,train
kitchen/boho/kitchen_boho_470.jpg,kitchen,3.2,train
living_room/boho/living_room_boho_41.jpg,living room,3.2,train
kitchen/modern/kitchen_modern_121.jpg,kitchen,4.5,train
bathroom/minimalist/bathroom_minimalist_3.jpg,bathroom,3.5,train
kitchen/modern/kitchen_modern_117.jpg,kitchen,4.5,train
living_room/industrial/living_room_industrial_178.jpg,living room,3.0,train
bedroom/boho/bedroom_boho_76.jpg,bedroom,3.2,train
kitchen/industrial/kitchen_industrial_274.jpg,kitchen,3.0,train
living_room/modern/living_room_modern_212.jpg,living room,4.5,train
kitchen/scandinavian/kitchen_scandinavian_26.jpg,kitchen,4.0,train
kitchen/industrial/kitchen_industrial_106.jpg,kitchen,3.0,train
kitchen/industrial/kitchen_industrial_264.jpg,kitchen,3.0,train
bedroom/minimalist/bedroom_minimalist_44.jpg,bedroom,3.5,train
living_room/scandinavian/living_room_scandinavian_139.jpg,living room,4.0,train
kitchen/boho/kitchen_boho_196.jpg,kitchen,3.2,train
living_room/minimalist/living_room_minimalist_55.jpg,living room,3.5,train
living_room/modern/living_room_modern_35.jpg,living room,4.5,train
bedroom/industrial/bedroom_industrial_158.jpg,bedroom,3.0,train
living_room/scandinavian/living_room_scandinavian_28.jpg,living room,4.0,train
bedroom/modern/bedroom_modern_48.jpg,bedroom,4.5,train
kitchen/industrial/kitchen_industrial_267.jpg,kitchen,3.0,train
bedroom/boho/bedroom_boho_9.jpg,bedroom,3.2,train
kitchen/modern/kitchen_modern_24.jpg,kitchen,4.5,train
living_room/modern/living_room_modern_160.jpg,living room,4.5,train
bedroom/boho/bedroom_boho_23.jpg,bedroom,3.2,train
bedroom/boho/bedroom_boho_68.jpg,bedroom,3.2,train
kitchen/boho/kitchen_boho_291.jpg,kitchen,3.2,train
bedroom/industrial/bedroom_industrial_87.jpg,bedroom,3.0,train
bedroom/modern/bedroom_modern_46.jpg,bedroom,4.5,train
bedroom/modern/bedroom_modern_121.jpg,bedroom,4.5,train
bathroom/minimalist/bathroom_minimalist_160.jpg,bathroom,3.5,train
living_room/industrial/living_room_industrial_40.jpg,living room,3.0,train
living_room/modern/living_room_modern_60.jpg,living room,4.5,train
bedroom/minimalist/bedroom_minimalist_144.jpg,bedroom,3.5,train
bathroom/modern/bathroom_modern_31.jpg,bathroom,4.5,train
bathroom/minimalist/bathroom_minimalist_15.jpg,bathroom,3.5,train
bathroom/minimalist/bathroom_minimalist_73.jpg,bathroom,3.5,train
kitchen/modern/kitchen_modern_59.jpg,kitchen,4.5,train
kitchen/scandinavian/kitchen_scandinavian_51.jpg,kitchen,4.0,train
living_room/boho/living_room_boho_39.jpg,living room,3.2,train
kitchen/boho/kitchen_boho_214.jpg,kitchen,3.2,train
bathroom/minimalist/bathroom_minimalist_5.jpg,bathroom,3.5,train
living_room/minimalist/living_room_minimalist_2.jpg,living room,3.5,train
kitchen/boho/kitchen_boho_454.jpg,kitchen,3.2,train
kitchen/scandinavian/kitchen_scandinavian_64.jpg,kitchen,4.0,train
bedroom/scandinavian/bedroom_scandinavian_43.jpg,bedroom,4.0,train
bathroom/minimalist/bathroom_minimalist_41.jpg,bathroom,3.5,train
living_room/industrial/living_room_industrial_4.jpg,living room,3.0,train
bedroom/minimalist/bedroom_minimalist_41.jpg,bedroom,3.5,train
kitchen/industrial/kitchen_industrial_246.jpg,kitchen,3.0,train
bedroom/scandinavian/bedroom_scandinavian_60.jpg,bedroom,4.0,train
kitchen/modern/kitchen_modern_375.jpg,kitchen,4.5,train
kitchen/minimalist/kitchen_minimalist_4.jpg,kitchen,3.5,train
living_room/industrial/living_room_industrial_109.jpg,living room,3.0,train
bathroom/minimalist/bathroom_minimalist_31.jpg,bathroom,3.5,train
living_room/boho/living_room_boho_75.jpg,living room,3.2,train
bathroom/modern/bathroom_modern_137.jpg,bathroom,4.5,train
living_room/minimalist/living_room_minimalist_43.jpg,living room,3.5,train
bedroom/industrial/bedroom_industrial_47.jpg,bedroom,3.0,train
bathroom/boho/bathroom_boho_51.jpg,bathroom,3.2,train
living_room/modern/living_room_modern_121.jpg,living room,4.5,train
living_room/minimalist/living_room_minimalist_157.jpg,living room,3.5,train
kitchen/boho/kitchen_boho_271.jpg,kitchen,3.2,train
kitchen/scandinavian/kitchen_scandinavian_109.jpg,kitchen,4.0,train
living_room/minimalist/living_room_minimalist_166.jpg,living room,3.5,train
kitchen/scandinavian/kitchen_scandinavian_97.jpg,kitchen,4.0,train
kitchen/boho/kitchen_boho_461.jpg,kitchen,3.2,train
living_room/boho/living_room_boho_148.jpg,living room,3.2,train
kitchen/minimalist/kitchen_minimalist_147.jpg,kitchen,3.5,train
kitchen/modern/kitchen_modern_114.jpg,kitchen,4.5,train
bathroom/industrial/bathroom_industrial_72.jpg,bathroom,3.0,train
living_room/industrial/living_room_industrial_193.jpg,living room,3.0,train
kitchen/industrial/kitchen_industrial_291.jpg,kitchen,3.0,train
kitchen/industrial/kitchen_industrial_265.jpg,kitchen,3.0,train
kitchen/boho/kitchen_boho_147.jpg,kitchen,3.2,train
living_room/scandinavian/living_room_scandinavian_125.jpg,living room,4.0,train
living_room/industrial/living_room_industrial_26.jpg,living room,3.0,train
living_room/modern/living_room_modern_285.jpg,living room,4.5,train
kitchen/scandinavian/kitchen_scandinavian_116.jpg,kitchen,4.0,train
living_room/modern/living_room_modern_12.jpg,living room,4.5,train
kitchen/boho/kitchen_boho_347.jpg,kitchen,3.2,train
living_room/scandinavian/living_room_scandinavian_114.jpg,living room,4.0,train
bedroom/industrial/bedroom_industrial_129.jpg,bedroom,3.0,train
living_room/scandinavian/living_room_scandinavian_49.jpg,living room,4.0,train
living_room/modern/living_room_modern_272.jpg,living room,4.5,train
kitchen/boho/kitchen_boho_242.jpg,kitchen,3.2,train
kitchen/scandinavian/kitchen_scandinavian_101.jpg,kitchen,4.0,train
bathroom/scandinavian/bathroom_scandinavian_44.jpg,bathroom,4.0,train
kitchen/minimalist/kitchen_minimalist_132.jpg,kitchen,3.5,train
living_room/industrial/living_room_industrial_156.jpg,living room,3.0,train
kitchen/boho/kitchen_boho_208.jpg,kitchen,3.2,train
bedroom/boho/bedroom_boho_134.jpg,bedroom,3.2,train
kitchen/modern/kitchen_modern_166.jpg,kitchen,4.5,train
kitchen/industrial/kitchen_industrial_5.jpg,kitchen,3.0,train
living_room/boho/living_room_boho_181.jpg,living room,3.2,train
living_room/boho/living_room_boho_134.jpg,living room,3.2,train
kitchen/boho/kitchen_boho_194.jpg,kitchen,3.2,train
living_room/boho/living_room_boho_133.jpg,living room,3.2,train
kitchen/industrial/kitchen_industrial_31.jpg,kitchen,3.0,train
kitchen/modern/kitchen_modern_363.jpg,kitchen,4.5,train
kitchen/scandinavian/kitchen_scandinavian_127.jpg,kitchen,4.0,train
bathroom/boho/bathroom_boho_57.jpg,bathroom,3.2,train
bathroom/minimalist/bathroom_minimalist_57.jpg,bathroom,3.5,train
bathroom/industrial/bathroom_industrial_143.jpg,bathroom,3.0,train
bathroom/modern/bathroom_modern_8.jpg,bathroom,4.5,train
living_room/scandinavian/living_room_scandinavian_4.jpg,living room,4.0,train
bathroom/minimalist/bathroom_minimalist_115.jpg,bathroom,3.5,train
living_room/industrial/living_room_industrial_29.jpg,living room,3.0,train
living_room/modern/living_room_modern_130.jpg,living room,4.5,train
bathroom/minimalist/bathroom_minimalist_0.jpg,bathroom,3.5,train
kitchen/boho/kitchen_boho_203.jpg,kitchen,3.2,train
kitchen/minimalist/kitchen_minimalist_167.jpg,kitchen,3.5,train
kitchen/scandinavian/kitchen_scandinavian_94.jpg,kitchen,4.0,train
bedroom/modern/bedroom_modern_10.jpg,bedroom,4.5,train
bathroom/minimalist/bathroom_minimalist_137.jpg,bathroom,3.5,train
kitchen/boho/kitchen_boho_185.jpg,kitchen,3.2,train
kitchen/modern/kitchen_modern_272.jpg,kitchen,4.5,train
kitchen/industrial/kitchen_industrial_20.jpg,kitchen,3.0,train
bedroom/minimalist/bedroom_minimalist_68.jpg,bedroom,3.5,train
kitchen/industrial/kitchen_industrial_172.jpg,kitchen,3.0,train
bathroom/boho/bathroom_boho_84.jpg,bathroom,3.2,train
living_room/industrial/living_room_industrial_116.jpg,living room,3.0,train
living_room/minimalist/living_room_minimalist_16.jpg,living room,3.5,train
kitchen/minimalist/kitchen_minimalist_139.jpg,kitchen,3.5,train
bedroom/scandinavian/bedroom_scandinavian_115.jpg,bedroom,4.0,train
kitchen/boho/kitchen_boho_330.jpg,kitchen,3.2,train
bathroom/scandinavian/bathroom_scandinavian_89.jpg,bathroom,4.0,train
bedroom/minimalist/bedroom_minimalist_4.jpg,bedroom,3.5,train
living_room/scandinavian/living_room_scandinavian_60.jpg,living room,4.0,train
kitchen/scandinavian/kitchen_scandinavian_18.jpg,kitchen,4.0,train
bedroom/industrial/bedroom_industrial_96.jpg,bedroom,3.0,train
bedroom/boho/bedroom_boho_99.jpg,bedroom,3.2,train
living_room/modern/living_room_modern_200.jpg,living room,4.5,train
living_room/scandinavian/living_room_scandinavian_46.jpg,living room,4.0,train
bathroom/minimalist/bathroom_minimalist_130.jpg,bathroom,3.5,train
kitchen/boho/kitchen_boho_113.jpg,kitchen,3.2,train
bathroom/industrial/bathroom_industrial_46.jpg,bathroom,3.0,train
kitchen/scandinavian/kitchen_scandinavian_92.jpg,kitchen,4.0,train
bedroom/boho/bedroom_boho_47.jpg,bedroom,3.2,train
kitchen/boho/kitchen_boho_141.jpg,kitchen,3.2,train
kitchen/modern/kitchen_modern_285.jpg,kitchen,4.5,train
bedroom/industrial/bedroom_industrial_40.jpg,bedroom,3.0,train
living_room/boho/living_room_boho_163.jpg,living room,3.2,train
bedroom/industrial/bedroom_industrial_67.jpg,bedroom,3.0,train
kitchen/industrial/kitchen_industrial_279.jpg,kitchen,3.0,train
kitchen/minimalist/kitchen_minimalist_143.jpg,kitchen,3.5,train
kitchen/modern/kitchen_modern_43.jpg,kitchen,4.5,train
bathroom/industrial/bathroom_industrial_107.jpg,bathroom,3.0,train
kitchen/boho/kitchen_boho_386.jpg,kitchen,3.2,train
bedroom/minimalist/bedroom_minimalist_23.jpg,bedroom,3.5,train
bedroom/boho/bedroom_boho_63.jpg,bedroom,3.2,train
kitchen/scandinavian/kitchen_scandinavian_126.jpg,kitchen,4.0,train
kitchen/boho/kitchen_boho_264.jpg,kitchen,3.2,train
bedroom/modern/bedroom_modern_27.jpg,bedroom,4.5,train
bathroom/modern/bathroom_modern_43.jpg,bathroom,4.5,train
living_room/scandinavian/living_room_scandinavian_85.jpg,living room,4.0,train
bedroom/boho/bedroom_boho_136.jpg,bedroom,3.2,train
bedroom/minimalist/bedroom_minimalist_98.jpg,bedroom,3.5,train
kitchen/boho/kitchen_boho_154.jpg,kitchen,3.2,train
bathroom/boho/bathroom_boho_92.jpg,bathroom,3.2,train
kitchen/boho/kitchen_boho_100.jpg,kitchen,3.2,train
living_room/minimalist/living_room_minimalist_32.jpg,living room,3.5,train
kitchen/scandinavian/kitchen_scandinavian_42.jpg,kitchen,4.0,train
bedroom/boho/bedroom_boho_129.jpg,bedroom,3.2,train
kitchen/modern/kitchen_modern_345.jpg,kitchen,4.5,train
bedroom/boho/bedroom_boho_32.jpg,bedroom,3.2,train
bathroom/minimalist/bathroom_minimalist_65.jpg,bathroom,3.5,train
bedroom/scandinavian/bedroom_scandinavian_113.jpg,bedroom,4.0,train
kitchen/boho/kitchen_boho_279.jpg,kitchen,3.2,train
living_room/scandinavian/living_room_scandinavian_81.jpg,living room,4.0,train
bathroom/industrial/bathroom_industrial_83.jpg,bathroom,3.0,train
bedroom/boho/bedroom_boho_113.jpg,bedroom,3.2,train
living_room/industrial/living_room_industrial_155.jpg,living room,3.0,train
living_room/minimalist/living_room_minimalist_45.jpg,living room,3.5,train
living_room/modern/living_room_modern_34.jpg,living room,4.5,train
living_room/industrial/living_room_industrial_27.jpg,living room,3.0,train
living_room/boho/living_room_boho_104.jpg,living room,3.2,train
kitchen/minimalist/kitchen_minimalist_32.jpg,kitchen,3.5,train
bedroom/minimalist/bedroom_minimalist_169.jpg,bedroom,3.5,train
bathroom/modern/bathroom_modern_39.jpg,bathroom,4.5,train
bathroom/boho/bathroom_boho_70.jpg,bathroom,3.2,train
kitchen/modern/kitchen_modern_12.jpg,kitchen,4.5,train
bathroom/minimalist/bathroom_minimalist_142.jpg,bathroom,3.5,train
kitchen/modern/kitchen_modern_228.jpg,kitchen,4.5,train
living_room/scandinavian/living_room_scandinavian_106.jpg,living room,4.0,train
bedroom/modern/bedroom_modern_17.jpg,bedroom,4.5,train
kitchen/modern/kitchen_modern_95.jpg,kitchen,4.5,train
kitchen/industrial/kitchen_industrial_84.jpg,kitchen,3.0,train
kitchen/boho/kitchen_boho_328.jpg,kitchen,3.2,train
bathroom/modern/bathroom_modern_111.jpg,bathroom,4.5,train
bedroom/minimalist/bedroom_minimalist_92.jpg,bedroom,3.5,train
kitchen/modern/kitchen_modern_258.jpg,kitchen,4.5,train
kitchen/boho/kitchen_boho_238.jpg,kitchen,3.2,train
living_room/industrial/living_room_industrial_130.jpg,living room,3.0,train
bedroom/industrial/bedroom_industrial_73.jpg,bedroom,3.0,train
living_room/industrial/living_room_industrial_119.jpg,living room,3.0,train
kitchen/modern/kitchen_modern_57.jpg,kitchen,4.5,train
kitchen/industrial/kitchen_industrial_286.jpg,kitchen,3.0,train
living_room/modern/living_room_modern_128.jpg,living room,4.5,train
kitchen/boho/kitchen_boho_90.jpg,kitchen,3.2,train
living_room/minimalist/living_room_minimalist_151.jpg,living room,3.5,train
kitchen/boho/kitchen_boho_395.jpg,kitchen,3.2,train
bedroom/boho/bedroom_boho_31.jpg,bedroom,3.2,train
kitchen/modern/kitchen_modern_180.jpg,kitchen,4.5,train
living_room/modern/living_room_modern_115.jpg,living room,4.5,train
bedroom/minimalist/bedroom_minimalist_126.jpg,bedroom,3.5,train
bedroom/minimalist/bedroom_minimalist_8.jpg,bedroom,3.5,train
bathroom/modern/bathroom_modern_119.jpg,bathroom,4.5,train
bedroom/scandinavian/bedroom_scandinavian_83.jpg,bedroom,4.0,train
bathroom/industrial/bathroom_industrial_84.jpg,bathroom,3.0,train
kitchen/boho/kitchen_boho_334.jpg,kitchen,3.2,train
bathroom/modern/bathroom_modern_82.jpg,bathroom,4.5,train
living_room/boho/living_room_boho_4.jpg,living room,3.2,train
bedroom/modern/bedroom_modern_148.jpg,bedroom,4.5,train
bathroom/minimalist/bathroom_minimalist_124.jpg,bathroom,3.5,train
living_room/scandinavian/living_room_scandinavian_5.jpg,living room,4.0,train
kitchen/industrial/kitchen_industrial_90.jpg,kitchen,3.0,train
bedroom/modern/bedroom_modern_32.jpg,bedroom,4.5,train
bathroom/industrial/bathroom_industrial_39.jpg,bathroom,3.0,train
living_room/scandinavian/living_room_scandinavian_67.jpg,living room,4.0,train
bedroom/minimalist/bedroom_minimalist_34.jpg,bedroom,3.5,train
bedroom/minimalist/bedroom_minimalist_24.jpg,bedroom,3.5,train
living_room/boho/living_room_boho_153.jpg,living room,3.2,train
kitchen/boho/kitchen_boho_437.jpg,kitchen,3.2,train
bedroom/industrial/bedroom_industrial_199.jpg,bedroom,3.0,train
living_room/industrial/living_room_industrial_163.jpg,living room,3.0,train
living_room/minimalist/living_room_minimalist_193.jpg,living room,3.5,train
bathroom/boho/bathroom_boho_12.jpg,bathroom,3.2,train
kitchen/minimalist/kitchen_minimalist_3.jpg,kitchen,3.5,train
kitchen/boho/kitchen_boho_32.jpg,kitchen,3.2,train
bathroom/boho/bathroom_boho_114.jpg,bathroom,3.2,train
kitchen/industrial/kitchen_industrial_247.jpg,kitchen,3.0,train
bedroom/minimalist/bedroom_minimalist_25.jpg,bedroom,3.5,train
bathroom/scandinavian/bathroom_scandinavian_80.jpg,bathroom,4.0,train
kitchen/boho/kitchen_boho_218.jpg,kitchen,3.2,train
kitchen/boho/kitchen_boho_197.jpg,kitchen,3.2,train
kitchen/modern/kitchen_modern_347.jpg,kitchen,4.5,train
living_room/minimalist/living_room_minimalist_162.jpg,living room,3.5,train
bedroom/minimalist/bedroom_minimalist_111.jpg,bedroom,3.5,train
living_room/modern/living_room_modern_245.jpg,living room,4.5,train
living_room/modern/living_room_modern_168.jpg,living room,4.5,train
kitchen/modern/kitchen_modern_27.jpg,kitchen,4.5,train
bathroom/industrial/bathroom_industrial_56.jpg,bathroom,3.0,train
kitchen/scandinavian/kitchen_scandinavian_146.jpg,kitchen,4.0,train
kitchen/boho/kitchen_boho_281.jpg,kitchen,3.2,train
living_room/minimalist/living_room_minimalist_103.jpg,living room,3.5,train
bathroom/minimalist/bathroom_minimalist_105.jpg,bathroom,3.5,train
living_room/modern/living_room_modern_54.jpg,living room,4.5,train
kitchen/boho/kitchen_boho_65.jpg,kitchen,3.2,train
bedroom/scandinavian/bedroom_scandinavian_122.jpg,bedroom,4.0,train
kitchen/boho/kitchen_boho_362.jpg,kitchen,3.2,train
bedroom/modern/bedroom_modern_79.jpg,bedroom,4.5,train
kitchen/scandinavian/kitchen_scandinavian_112.jpg,kitchen,4.0,train
living_room/industrial/living_room_industrial_83.jpg,living room,3.0,train
bathroom/minimalist/bathroom_minimalist_37.jpg,bathroom,3.5,train
bathroom/modern/bathroom_modern_2.jpg,bathroom,4.5,train
living_room/industrial/living_room_industrial_191.jpg,living room,3.0,train
bedroom/modern/bedroom_modern_59.jpg,bedroom,4.5,train
kitchen/industrial/kitchen_industrial_48.jpg,kitchen,3.0,train
bathroom/boho/bathroom_boho_34.jpg,bathroom,3.2,train
living_room/minimalist/living_room_minimalist_29.jpg,living room,3.5,train
bedroom/minimalist/bedroom_minimalist_116.jpg,bedroom,3.5,train
bathroom/scandinavian/bathroom_scandinavian_51.jpg,bathroom,4.0,train
bathroom/scandinavian/bathroom_scandinavian_116.jpg,bathroom,4.0,train
living_room/modern/living_room_modern_137.jpg,living room,4.5,train
bedroom/modern/bedroom_modern_113.jpg,bedroom,4.5,train
bedroom/scandinavian/bedroom_scandinavian_128.jpg,bedroom,4.0,train
living_room/minimalist/living_room_minimalist_27.jpg,living room,3.5,train
kitchen/industrial/kitchen_industrial_192.jpg,kitchen,3.0,train
living_room/minimalist/living_room_minimalist_169.jpg,living room,3.5,train
kitchen/boho/kitchen_boho_31.jpg,kitchen,3.2,train
bedroom/modern/bedroom_modern_15.jpg,bedroom,4.5,train
living_room/scandinavian/living_room_scandinavian_78.jpg,living room,4.0,train
living_room/scandinavian/living_room_scandinavian_69.jpg,living room,4.0,train
kitchen/boho/kitchen_boho_64.jpg,kitchen,3.2,train
bedroom/scandinavian/bedroom_scandinavian_116.jpg,bedroom,4.0,train
bedroom/scandinavian/bedroom_scandinavian_57.jpg,bedroom,4.0,train
bedroom/boho/bedroom_boho_13.jpg,bedroom,3.2,train
living_room/minimalist/living_room_minimalist_20.jpg,living room,3.5,train
living_room/modern/living_room_modern_28.jpg,living room,4.5,train
bedroom/minimalist/bedroom_minimalist_17.jpg,bedroom,3.5,train
bathroom/minimalist/bathroom_minimalist_17.jpg,bathroom,3.5,train
bathroom/minimalist/bathroom_minimalist_47.jpg,bathroom,3.5,train
living_room/boho/living_room_boho_154.jpg,living room,3.2,train
bathroom/industrial/bathroom_industrial_25.jpg,bathroom,3.0,train
kitchen/boho/kitchen_boho_10.jpg,kitchen,3.2,train
kitchen/industrial/kitchen_industrial_164.jpg,kitchen,3.0,train
bedroom/minimalist/bedroom_minimalist_170.jpg,bedroom,3.5,train
bathroom/minimalist/bathroom_minimalist_24.jpg,bathroom,3.5,train
bedroom/boho/bedroom_boho_108.jpg,bedroom,3.2,train
kitchen/boho/kitchen_boho_398.jpg,kitchen,3.2,train
bedroom/boho/bedroom_boho_4.jpg,bedroom,3.2,train
kitchen/modern/kitchen_modern_250.jpg,kitchen,4.5,train
bathroom/boho/bathroom_boho_102.jpg,bathroom,3.2,train
bathroom/boho/bathroom_boho_39.jpg,bathroom,3.2,train
bedroom/modern/bedroom_modern_179.jpg,bedroom,4.5,train
kitchen/industrial/kitchen_industrial_131.jpg,kitchen,3.0,train
kitchen/boho/kitchen_boho_268.jpg,kitchen,3.2,train
bathroom/industrial/bathroom_industrial_86.jpg,bathroom,3.0,train
bathroom/boho/bathroom_boho_62.jpg,bathroom,3.2,train
living_room/minimalist/living_room_minimalist_22.jpg,living room,3.5,train
bedroom/industrial/bedroom_industrial_58.jpg,bedroom,3.0,train
kitchen/modern/kitchen_modern_295.jpg,kitchen,4.5,train
living_room/industrial/living_room_industrial_118.jpg,living room,3.0,train
living_room/industrial/living_room_industrial_44.jpg,living room,3.0,train
kitchen/boho/kitchen_boho_410.jpg,kitchen,3.2,train
kitchen/minimalist/kitchen_minimalist_73.jpg,kitchen,3.5,train
bedroom/modern/bedroom_modern_44.jpg,bedroom,4.5,train
bedroom/modern/bedroom_modern_169.jpg,bedroom,4.5,train
kitchen/scandinavian/kitchen_scandinavian_29.jpg,kitchen,4.0,train
bathroom/industrial/bathroom_industrial_120.jpg,bathroom,3.0,train
living_room/scandinavian/living_room_scandinavian_166.jpg,living room,4.0,train
kitchen/boho/kitchen_boho_96.jpg,kitchen,3.2,train
bathroom/minimalist/bathroom_minimalist_118.jpg,bathroom,3.5,train
bedroom/industrial/bedroom_industrial_177.jpg,bedroom,3.0,train
living_room/industrial/living_room_industrial_15.jpg,living room,3.0,train
kitchen/modern/kitchen_modern_55.jpg,kitchen,4.5,train
bedroom/minimalist/bedroom_minimalist_160.jpg,bedroom,3.5,train
bedroom/industrial/bedroom_industrial_137.jpg,bedroom,3.0,train
living_room/scandinavian/living_room_scandinavian_143.jpg,living room,4.0,train
living_room/minimalist/living_room_minimalist_79.jpg,living room,3.5,train
kitchen/scandinavian/kitchen_scandinavian_141.jpg,kitchen,4.0,train
kitchen/modern/kitchen_modern_281.jpg,kitchen,4.5,train
kitchen/boho/kitchen_boho_178.jpg,kitchen,3.2,train
kitchen/scandinavian/kitchen_scandinavian_77.jpg,kitchen,4.0,train
bedroom/industrial/bedroom_industrial_1.jpg,bedroom,3.0,train
bathroom/modern/bathroom_modern_9.jpg,bathroom,4.5,train
kitchen/boho/kitchen_boho_276.jpg,kitchen,3.2,train
kitchen/boho/kitchen_boho_320.jpg,kitchen,3.2,train
kitchen/modern/kitchen_modern_304.jpg,kitchen,4.5,train
kitchen/industrial/kitchen_industrial_47.jpg,kitchen,3.0,train
bedroom/modern/bedroom_modern_155.jpg,bedroom,4.5,train
kitchen/boho/kitchen_boho_290.jpg,kitchen,3.2,train
kitchen/minimalist/kitchen_minimalist_113.jpg,kitchen,3.5,train
bathroom/scandinavian/bathroom_scandinavian_86.jpg,bathroom,4.0,train
bathroom/minimalist/bathroom_minimalist_157.jpg,bathroom,3.5,train
kitchen/boho/kitchen_boho_193.jpg,kitchen,3.2,train
bedroom/modern/bedroom_modern_28.jpg,bedroom,4.5,train
bedroom/industrial/bedroom_industrial_79.jpg,bedroom,3.0,train
living_room/boho/living_room_boho_73.jpg,living room,3.2,train
living_room/industrial/living_room_industrial_21.jpg,living room,3.0,train
kitchen/minimalist/kitchen_minimalist_174.jpg,kitchen,3.5,train
kitchen/modern/kitchen_modern_284.jpg,kitchen,4.5,train
bathroom/minimalist/bathroom_minimalist_103.jpg,bathroom,3.5,train
bedroom/scandinavian/bedroom_scandinavian_23.jpg,bedroom,4.0,train
kitchen/modern/kitchen_modern_66.jpg,kitchen,4.5,train
living_room/industrial/living_room_industrial_77.jpg,living room,3.0,train
bathroom/industrial/bathroom_industrial_32.jpg,bathroom,3.0,train
kitchen/modern/kitchen_modern_156.jpg,kitchen,4.5,train
living_room/scandinavian/living_room_scandinavian_51.jpg,living room,4.0,train
kitchen/industrial/kitchen_industrial_115.jpg,kitchen,3.0,train
kitchen/minimalist/kitchen_minimalist_153.jpg,kitchen,3.5,train
bedroom/scandinavian/bedroom_scandinavian_129.jpg,bedroom,4.0,train
kitchen/modern/kitchen_modern_172.jpg,kitchen,4.5,train
bedroom/modern/bedroom_modern_171.jpg,bedroom,4.5,train
living_room/minimalist/living_room_minimalist_6.jpg,living room,3.5,train
bathroom/scandinavian/bathroom_scandinavian_6.jpg,bathroom,4.0,train
bedroom/industrial/bedroom_industrial_18.jpg,bedroom,3.0,train
kitchen/boho/kitchen_boho_350.jpg,kitchen,3.2,train
kitchen/industrial/kitchen_industrial_43.jpg,kitchen,3.0,train
bedroom/scandinavian/bedroom_scandinavian_4.jpg,bedroom,4.0,train
bedroom/scandinavian/bedroom_scandinavian_126.jpg,bedroom,4.0,train
kitchen/modern/kitchen_modern_248.jpg,kitchen,4.5,train
kitchen/modern/kitchen_modern_359.jpg,kitchen,4.5,train
kitchen/boho/kitchen_boho_293.jpg,kitchen,3.2,train
living_room/modern/living_room_modern_146.jpg,living room,4.5,train
bedroom/modern/bedroom_modern_68.jpg,bedroom,4.5,train
kitchen/minimalist/kitchen_minimalist_15.jpg,kitchen,3.5,train
bedroom/scandinavian/bedroom_scandinavian_29.jpg,bedroom,4.0,train
bedroom/modern/bedroom_modern_130.jpg,bedroom,4.5,train
living_room/minimalist/living_room_minimalist_53.jpg,living room,3.5,train
bathroom/boho/bathroom_boho_29.jpg,bathroom,3.2,train
kitchen/boho/kitchen_boho_390.jpg,kitchen,3.2,train
bathroom/industrial/bathroom_industrial_34.jpg,bathroom,3.0,train
bedroom/industrial/bedroom_industrial_21.jpg,bedroom,3.0,train
kitchen/boho/kitchen_boho_99.jpg,kitchen,3.2,train
kitchen/industrial/kitchen_industrial_272.jpg,kitchen,3.0,train
living_room/scandinavian/living_room_scandinavian_55.jpg,living room,4.0,train
kitchen/minimalist/kitchen_minimalist_177.jpg,kitchen,3.5,train
kitchen/industrial/kitchen_industrial_206.jpg,kitchen,3.0,train
kitchen/boho/kitchen_boho_441.jpg,kitchen,3.2,train
kitchen/industrial/kitchen_industrial_21.jpg,kitchen,3.0,train
kitchen/modern/kitchen_modern_177.jpg,kitchen,4.5,train
living_room/scandinavian/living_room_scandinavian_56.jpg,living room,4.0,train
living_room/industrial/living_room_industrial_131.jpg,living room,3.0,train
bedroom/industrial/bedroom_industrial_134.jpg,bedroom,3.0,train
bathroom/scandinavian/bathroom_scandinavian_43.jpg,bathroom,4.0,train
kitchen/modern/kitchen_modern_280.jpg,kitchen,4.5,train
living_room/minimalist/living_room_minimalist_156.jpg,living room,3.5,train
living_room/modern/living_room_modern_136.jpg,living room,4.5,train
bathroom/scandinavian/bathroom_scandinavian_66.jpg,bathroom,4.0,train
kitchen/industrial/kitchen_industrial_293.jpg,kitchen,3.0,train
living_room/modern/living_room_modern_10.jpg,living room,4.5,train
bedroom/modern/bedroom_modern_109.jpg,bedroom,4.5,train
kitchen/boho/kitchen_boho_215.jpg,kitchen,3.2,train
living_room/industrial/living_room_industrial_106.jpg,living room,3.0,train
kitchen/modern/kitchen_modern_336.jpg,kitchen,4.5,train
living_room/modern/living_room_modern_82.jpg,living room,4.5,train
bedroom/scandinavian/bedroom_scandinavian_6.jpg,bedroom,4.0,train
bedroom/modern/bedroom_modern_138.jpg,bedroom,4.5,train
living_room/modern/living_room_modern_103.jpg,living room,4.5,train
living_room/minimalist/living_room_minimalist_173.jpg,living room,3.5,train
kitchen/minimalist/kitchen_minimalist_171.jpg,kitchen,3.5,train
living_room/modern/living_room_modern_253.jpg,living room,4.5,train
living_room/minimalist/living_room_minimalist_183.jpg,living room,3.5,train
kitchen/modern/kitchen_modern_283.jpg,kitchen,4.5,train
bedroom/minimalist/bedroom_minimalist_84.jpg,bedroom,3.5,train
living_room/scandinavian/living_room_scandinavian_108.jpg,living room,4.0,train
living_room/scandinavian/living_room_scandinavian_27.jpg,living room,4.0,train
bathroom/minimalist/bathroom_minimalist_99.jpg,bathroom,3.5,train
bathroom/modern/bathroom_modern_131.jpg,bathroom,4.5,train
kitchen/boho/kitchen_boho_335.jpg,kitchen,3.2,train
kitchen/modern/kitchen_modern_333.jpg,kitchen,4.5,train
kitchen/boho/kitchen_boho_37.jpg,kitchen,3.2,train
bedroom/minimalist/bedroom_minimalist_20.jpg,bedroom,3.5,train
bedroom/modern/bedroom_modern_20.jpg,bedroom,4.5,train
living_room/minimalist/living_room_minimalist_161.jpg,living room,3.5,train
living_room/modern/living_room_modern_237.jpg,living room,4.5,train
living_room/boho/living_room_boho_49.jpg,living room,3.2,train
living_room/boho/living_room_boho_23.jpg,living room,3.2,train
bedroom/modern/bedroom_modern_116.jpg,bedroom,4.5,train
bathroom/minimalist/bathroom_minimalist_59.jpg,bathroom,3.5,train
kitchen/industrial/kitchen_industrial_149.jpg,kitchen,3.0,train
bedroom/scandinavian/bedroom_scandinavian_36.jpg,bedroom,4.0,train
kitchen/boho/kitchen_boho_343.jpg,kitchen,3.2,train
bathroom/boho/bathroom_boho_120.jpg,bathroom,3.2,train
living_room/modern/living_room_modern_182.jpg,living room,4.5,train
kitchen/modern/kitchen_modern_161.jpg,kitchen,4.5,train
living_room/modern/living_room_modern_125.jpg,living room,4.5,train
living_room/modern/living_room_modern_166.jpg,living room,4.5,train
living_room/boho/living_room_boho_161.jpg,living room,3.2,train
kitchen/industrial/kitchen_industrial_232.jpg,kitchen,3.0,train
bathroom/industrial/bathroom_industrial_43.jpg,bathroom,3.0,train
kitchen/boho/kitchen_boho_420.jpg,kitchen,3.2,train
living_room/boho/living_room_boho_109.jpg,living room,3.2,train
bedroom/boho/bedroom_boho_54.jpg,bedroom,3.2,train
bathroom/minimalist/bathroom_minimalist_38.jpg,bathroom,3.5,train
bedroom/scandinavian/bedroom_scandinavian_141.jpg,bedroom,4.0,train
bathroom/industrial/bathroom_industrial_124.jpg,bathroom,3.0,train
bedroom/scandinavian/bedroom_scandinavian_40.jpg,bedroom,4.0,train
living_room/boho/living_room_boho_67.jpg,living room,3.2,train
living_room/industrial/living_room_industrial_61.jpg,living room,3.0,train
bedroom/industrial/bedroom_industrial_109.jpg,bedroom,3.0,train
kitchen/boho/kitchen_boho_302.jpg,kitchen,3.2,train
bedroom/boho/bedroom_boho_65.jpg,bedroom,3.2,train
kitchen/modern/kitchen_modern_186.jpg,kitchen,4.5,train
kitchen/modern/kitchen_modern_174.jpg,kitchen,4.5,train
kitchen/industrial/kitchen_industrial_40.jpg,kitchen,3.0,train
kitchen/modern/kitchen_modern_39.jpg,kitchen,4.5,train
bedroom/boho/bedroom_boho_3.jpg,bedroom,3.2,train
living_room/modern/living_room_modern_145.jpg,living room,4.5,train
kitchen/minimalist/kitchen_minimalist_56.jpg,kitchen,3.5,train
bedroom/minimalist/bedroom_minimalist_148.jpg,bedroom,3.5,train
bathroom/minimalist/bathroom_minimalist_111.jpg,bathroom,3.5,train
bathroom/modern/bathroom_modern_101.jpg,bathroom,4.5,train
bedroom/modern/bedroom_modern_198.jpg,bedroom,4.5,train
living_room/modern/living_room_modern_44.jpg,living room,4.5,train
bedroom/boho/bedroom_boho_130.jpg,bedroom,3.2,train
bedroom/industrial/bedroom_industrial_44.jpg,bedroom,3.0,train
bedroom/boho/bedroom_boho_132.jpg,bedroom,3.2,train
kitchen/boho/kitchen_boho_445.jpg,kitchen,3.2,train
bedroom/modern/bedroom_modern_145.jpg,bedroom,4.5,train
bedroom/scandinavian/bedroom_scandinavian_106.jpg,bedroom,4.0,train
kitchen/modern/kitchen_modern_251.jpg,kitchen,4.5,train
bathroom/boho/bathroom_boho_44.jpg,bathroom,3.2,train
bedroom/minimalist/bedroom_minimalist_165.jpg,bedroom,3.5,train
kitchen/boho/kitchen_boho_467.jpg,kitchen,3.2,train
kitchen/boho/kitchen_boho_435.jpg,kitchen,3.2,train
kitchen/modern/kitchen_modern_218.jpg,kitchen,4.5,train
kitchen/modern/kitchen_modern_90.jpg,kitchen,4.5,train
living_room/scandinavian/living_room_scandinavian_144.jpg,living room,4.0,train
kitchen/scandinavian/kitchen_scandinavian_98.jpg,kitchen,4.0,train
kitchen/modern/kitchen_modern_120.jpg,kitchen,4.5,train
bathroom/modern/bathroom_modern_120.jpg,bathroom,4.5,train
bathroom/boho/bathroom_boho_19.jpg,bathroom,3.2,train
kitchen/boho/kitchen_boho_44.jpg,kitchen,3.2,train
kitchen/modern/kitchen_modern_136.jpg,kitchen,4.5,train
living_room/minimalist/living_room_minimalist_92.jpg,living room,3.5,train
kitchen/boho/kitchen_boho_285.jpg,kitchen,3.2,train
bedroom/modern/bedroom_modern_134.jpg,bedroom,4.5,train
bedroom/industrial/bedroom_industrial_26.jpg,bedroom,3.0,train
living_room/boho/living_room_boho_98.jpg,living room,3.2,train
bedroom/modern/bedroom_modern_141.jpg,bedroom,4.5,train
kitchen/boho/kitchen_boho_312.jpg,kitchen,3.2,train
kitchen/scandinavian/kitchen_scandinavian_21.jpg,kitchen,4.0,train
bedroom/industrial/bedroom_industrial_192.jpg,bedroom,3.0,train
bedroom/minimalist/bedroom_minimalist_128.jpg,bedroom,3.5,train
bathroom/scandinavian/bathroom_scandinavian_38.jpg,bathroom,4.0,train
bathroom/industrial/bathroom_industrial_71.jpg,bathroom,3.0,train
bathroom/minimalist/bathroom_minimalist_60.jpg,bathroom,3.5,train
bathroom/modern/bathroom_modern_5.jpg,bathroom,4.5,train
bedroom/modern/bedroom_modern_170.jpg,bedroom,4.5,train
bedroom/modern/bedroom_modern_7.jpg,bedroom,4.5,train
bathroom/scandinavian/bathroom_scandinavian_82.jpg,bathroom,4.0,train
kitchen/boho/kitchen_boho_399.jpg,kitchen,3.2,train
bedroom/scandinavian/bedroom_scandinavian_73.jpg,bedroom,4.0,train
living_room/modern/living_room_modern_230.jpg,living room,4.5,train
living_room/modern/living_room_modern_292.jpg,living room,4.5,train
kitchen/modern/kitchen_modern_123.jpg,kitchen,4.5,train
bedroom/scandinavian/bedroom_scandinavian_93.jpg,bedroom,4.0,train
bathroom/industrial/bathroom_industrial_76.jpg,bathroom,3.0,train
kitchen/industrial/kitchen_industrial_155.jpg,kitchen,3.0,train
living_room/scandinavian/living_room_scandinavian_86.jpg,living room,4.0,train
kitchen/minimalist/kitchen_minimalist_35.jpg,kitchen,3.5,train
kitchen/minimalist/kitchen_minimalist_87.jpg,kitchen,3.5,train
kitchen/boho/kitchen_boho_436.jpg,kitchen,3.2,train
bedroom/minimalist/bedroom_minimalist_0.jpg,bedroom,3.5,train
kitchen/modern/kitchen_modern_42.jpg,kitchen,4.5,train
living_room/industrial/living_room_industrial_143.jpg,living room,3.0,train
kitchen/industrial/kitchen_industrial_104.jpg,kitchen,3.0,train
bathroom/boho/bathroom_boho_35.jpg,bathroom,3.2,train
living_room/modern/living_room_modern_163.jpg,living room,4.5,train
bedroom/minimalist/bedroom_minimalist_26.jpg,bedroom,3.5,train
kitchen/industrial/kitchen_industrial_86.jpg,kitchen,3.0,train
bedroom/modern/bedroom_modern_21.jpg,bedroom,4.5,train
kitchen/industrial/kitchen_industrial_298.jpg,kitchen,3.0,train
bathroom/modern/bathroom_modern_110.jpg,bathroom,4.5,train
bathroom/scandinavian/bathroom_scandinavian_92.jpg,bathroom,4.0,train
kitchen/boho/kitchen_boho_367.jpg,kitchen,3.2,train
bedroom/boho/bedroom_boho_126.jpg,bedroom,3.2,train
bedroom/industrial/bedroom_industrial_29.jpg,bedroom,3.0,train
living_room/boho/living_room_boho_81.jpg,living room,3.2,train
bathroom/scandinavian/bathroom_scandinavian_115.jpg,bathroom,4.0,train
living_room/modern/living_room_modern_208.jpg,living room,4.5,train
bedroom/industrial/bedroom_industrial_70.jpg,bedroom,3.0,train
kitchen/industrial/kitchen_industrial_241.jpg,kitchen,3.0,train
bedroom/minimalist/bedroom_minimalist_103.jpg,bedroom,3.5,train
bathroom/scandinavian/bathroom_scandinavian_65.jpg,bathroom,4.0,train
bedroom/scandinavian/bedroom_scandinavian_146.jpg,bedroom,4.0,train
living_room/scandinavian/living_room_scandinavian_116.jpg,living room,4.0,train
kitchen/boho/kitchen_boho_16.jpg,kitchen,3.2,train
kitchen/modern/kitchen_modern_144.jpg,kitchen,4.5,train
living_room/industrial/living_room_industrial_56.jpg,living room,3.0,train
bedroom/boho/bedroom_boho_125.jpg,bedroom,3.2,train
kitchen/modern/kitchen_modern_108.jpg,kitchen,4.5,train
living_room/modern/living_room_modern_0.jpg,living room,4.5,train
kitchen/industrial/kitchen_industrial_121.jpg,kitchen,3.0,train
living_room/scandinavian/living_room_scandinavian_90.jpg,living room,4.0,train
kitchen/industrial/kitchen_industrial_252.jpg,kitchen,3.0,train
kitchen/modern/kitchen_modern_276.jpg,kitchen,4.5,train
bedroom/modern/bedroom_modern_173.jpg,bedroom,4.5,train
bedroom/modern/bedroom_modern_51.jpg,bedroom,4.5,train
kitchen/modern/kitchen_modern_111.jpg,kitchen,4.5,train
living_room/modern/living_room_modern_219.jpg,living room,4.5,train
bedroom/minimalist/bedroom_minimalist_19.jpg,bedroom,3.5,train
bathroom/scandinavian/bathroom_scandinavian_97.jpg,bathroom,4.0,train
kitchen/industrial/kitchen_industrial_145.jpg,kitchen,3.0,train
bathroom/minimalist/bathroom_minimalist_154.jpg,bathroom,3.5,train
living_room/industrial/living_room_industrial_22.jpg,living room,3.0,train
kitchen/boho/kitchen_boho_172.jpg,kitchen,3.2,train
kitchen/boho/kitchen_boho_48.jpg,kitchen,3.2,train
bedroom/industrial/bedroom_industrial_121.jpg,bedroom,3.0,train
bedroom/industrial/bedroom_industrial_19.jpg,bedroom,3.0,train
bathroom/boho/bathroom_boho_106.jpg,bathroom,3.2,train
kitchen/boho/kitchen_boho_462.jpg,kitchen,3.2,train
kitchen/minimalist/kitchen_minimalist_47.jpg,kitchen,3.5,train
living_room/modern/living_room_modern_247.jpg,living room,4.5,train
kitchen/minimalist/kitchen_minimalist_44.jpg,kitchen,3.5,train
living_room/industrial/living_room_industrial_140.jpg,living room,3.0,train
bathroom/minimalist/bathroom_minimalist_19.jpg,bathroom,3.5,train
kitchen/boho/kitchen_boho_72.jpg,kitchen,3.2,train
kitchen/boho/kitchen_boho_404.jpg,kitchen,3.2,train
kitchen/boho/kitchen_boho_387.jpg,kitchen,3.2,train
bedroom/minimalist/bedroom_minimalist_156.jpg,bedroom,3.5,train
bathroom/modern/bathroom_modern_134.jpg,bathroom,4.5,train
kitchen/scandinavian/kitchen_scandinavian_111.jpg,kitchen,4.0,train
bedroom/minimalist/bedroom_minimalist_176.jpg,bedroom,3.5,train
bathroom/modern/bathroom_modern_18.jpg,bathroom,4.5,train
bedroom/modern/bedroom_modern_133.jpg,bedroom,4.5,train
kitchen/scandinavian/kitchen_scandinavian_47.jpg,kitchen,4.0,train
kitchen/boho/kitchen_boho_211.jpg,kitchen,3.2,train
kitchen/boho/kitchen_boho_94.jpg,kitchen,3.2,train
bedroom/modern/bedroom_modern_0.jpg,bedroom,4.5,train
kitchen/boho/kitchen_boho_319.jpg,kitchen,3.2,train
bathroom/industrial/bathroom_industrial_53.jpg,bathroom,3.0,train
living_room/industrial/living_room_industrial_161.jpg,living room,3.0,train
living_room/industrial/living_room_industrial_152.jpg,living room,3.0,train
bedroom/modern/bedroom_modern_72.jpg,bedroom,4.5,train
kitchen/modern/kitchen_modern_92.jpg,kitchen,4.5,train
living_room/scandinavian/living_room_scandinavian_14.jpg,living room,4.0,train
bedroom/scandinavian/bedroom_scandinavian_98.jpg,bedroom,4.0,train
living_room/scandinavian/living_room_scandinavian_77.jpg,living room,4.0,train
living_room/boho/living_room_boho_82.jpg,living room,3.2,train
kitchen/industrial/kitchen_industrial_161.jpg,kitchen,3.0,train
bathroom/boho/bathroom_boho_7.jpg,bathroom,3.2,train
bathroom/modern/bathroom_modern_47.jpg,bathroom,4.5,train
bedroom/industrial/bedroom_industrial_119.jpg,bedroom,3.0,train
living_room/boho/living_room_boho_176.jpg,living room,3.2,train
bedroom/boho/bedroom_boho_87.jpg,bedroom,3.2,train
bathroom/modern/bathroom_modern_90.jpg,bathroom,4.5,train
living_room/scandinavian/living_room_scandinavian_61.jpg,living room,4.0,train
bathroom/modern/bathroom_modern_103.jpg,bathroom,4.5,train
bedroom/modern/bedroom_modern_43.jpg,bedroom,4.5,train
living_room/scandinavian/living_room_scandinavian_165.jpg,living room,4.0,train
living_room/industrial/living_room_industrial_182.jpg,living room,3.0,train
living_room/industrial/living_room_industrial_11.jpg,living room,3.0,train
living_room/scandinavian/living_room_scandinavian_18.jpg,living room,4.0,train
living_room/industrial/living_room_industrial_36.jpg,living room,3.0,train
bedroom/minimalist/bedroom_minimalist_149.jpg,bedroom,3.5,train
kitchen/modern/kitchen_modern_137.jpg,kitchen,4.5,train
bathroom/modern/bathroom_modern_73.jpg,bathroom,4.5,train
bathroom/minimalist/bathroom_minimalist_44.jpg,bathroom,3.5,train
living_room/boho/living_room_boho_15.jpg,living room,3.2,train
living_room/modern/living_room_modern_201.jpg,living room,4.5,train
living_room/minimalist/living_room_minimalist_182.jpg,living room,3.5,train
bedroom/boho/bedroom_boho_131.jpg,bedroom,3.2,train
bathroom/minimalist/bathroom_minimalist_27.jpg,bathroom,3.5,train
kitchen/modern/kitchen_modern_309.jpg,kitchen,4.5,train
living_room/scandinavian/living_room_scandinavian_71.jpg,living room,4.0,train
bathroom/scandinavian/bathroom_scandinavian_79.jpg,bathroom,4.0,train
bedroom/industrial/bedroom_industrial_169.jpg,bedroom,3.0,train
kitchen/boho/kitchen_boho_187.jpg,kitchen,3.2,train
living_room/modern/living_room_modern_225.jpg,living room,4.5,train
living_room/modern/living_room_modern_64.jpg,living room,4.5,train
living_room/modern/living_room_modern_97.jpg,living room,4.5,train
living_room/modern/living_room_modern_170.jpg,living room,4.5,train
bedroom/modern/bedroom_modern_125.jpg,bedroom,4.5,train
bathroom/scandinavian/bathroom_scandinavian_69.jpg,bathroom,4.0,train
bedroom/scandinavian/bedroom_scandinavian_75.jpg,bedroom,4.0,train
kitchen/scandinavian/kitchen_scandinavian_124.jpg,kitchen,4.0,train
kitchen/scandinavian/kitchen_scandinavian_33.jpg,kitchen,4.0,train
bedroom/minimalist/bedroom_minimalist_36.jpg,bedroom,3.5,train
kitchen/boho/kitchen_boho_301.jpg,kitchen,3.2,train
kitchen/minimalist/kitchen_minimalist_13.jpg,kitchen,3.5,train
kitchen/modern/kitchen_modern_147.jpg,kitchen,4.5,train
kitchen/industrial/kitchen_industrial_196.jpg,kitchen,3.0,train
kitchen/industrial/kitchen_industrial_234.jpg,kitchen,3.0,train
kitchen/minimalist/kitchen_minimalist_155.jpg,kitchen,3.5,train
bathroom/modern/bathroom_modern_58.jpg,bathroom,4.5,train
living_room/boho/living_room_boho_101.jpg,living room,3.2,train
living_room/industrial/living_room_industrial_117.jpg,living room,3.0,train
living_room/modern/living_room_modern_299.jpg,living room,4.5,train
kitchen/modern/kitchen_modern_305.jpg,kitchen,4.5,train
living_room/minimalist/living_room_minimalist_51.jpg,living room,3.5,train
living_room/minimalist/living_room_minimalist_96.jpg,living room,3.5,train
kitchen/boho/kitchen_boho_284.jpg,kitchen,3.2,train
living_room/scandinavian/living_room_scandinavian_119.jpg,living room,4.0,train
bedroom/modern/bedroom_modern_142.jpg,bedroom,4.5,train
living_room/industrial/living_room_industrial_16.jpg,living room,3.0,train
living_room/scandinavian/living_room_scandinavian_21.jpg,living room,4.0,train
living_room/modern/living_room_modern_196.jpg,living room,4.5,train
kitchen/industrial/kitchen_industrial_65.jpg,kitchen,3.0,train
bathroom/minimalist/bathroom_minimalist_139.jpg,bathroom,3.5,train
living_room/minimalist/living_room_minimalist_110.jpg,living room,3.5,train
bedroom/boho/bedroom_boho_104.jpg,bedroom,3.2,train
kitchen/scandinavian/kitchen_scandinavian_23.jpg,kitchen,4.0,train
kitchen/modern/kitchen_modern_355.jpg,kitchen,4.5,train
kitchen/boho/kitchen_boho_210.jpg,kitchen,3.2,train
kitchen/modern/kitchen_modern_35.jpg,kitchen,4.5,train
kitchen/modern/kitchen_modern_171.jpg,kitchen,4.5,train
kitchen/modern/kitchen_modern_308.jpg,kitchen,4.5,train
bathroom/modern/bathroom_modern_46.jpg,bathroom,4.5,train
kitchen/modern/kitchen_modern_73.jpg,kitchen,4.5,train
kitchen/boho/kitchen_boho_17.jpg,kitchen,3.2,train
bathroom/boho/bathroom_boho_16.jpg,bathroom,3.2,train
kitchen/modern/kitchen_modern_58.jpg,kitchen,4.5,train
kitchen/boho/kitchen_boho_175.jpg,kitchen,3.2,train
bedroom/modern/bedroom_modern_70.jpg,bedroom,4.5,train
bedroom/industrial/bedroom_industrial_9.jpg,bedroom,3.0,train
living_room/industrial/living_room_industrial_68.jpg,living room,3.0,train
kitchen/minimalist/kitchen_minimalist_19.jpg,kitchen,3.5,train
living_room/modern/living_room_modern_153.jpg,living room,4.5,train
bedroom/modern/bedroom_modern_85.jpg,bedroom,4.5,train
kitchen/scandinavian/kitchen_scandinavian_70.jpg,kitchen,4.0,train
kitchen/industrial/kitchen_industrial_75.jpg,kitchen,3.0,train
kitchen/modern/kitchen_modern_97.jpg,kitchen,4.5,train
bathroom/minimalist/bathroom_minimalist_2.jpg,bathroom,3.5,train
bathroom/minimalist/bathroom_minimalist_14.jpg,bathroom,3.5,train
bathroom/industrial/bathroom_industrial_118.jpg,bathroom,3.0,train
living_room/industrial/living_room_industrial_93.jpg,living room,3.0,train
kitchen/industrial/kitchen_industrial_209.jpg,kitchen,3.0,train
living_room/modern/living_room_modern_69.jpg,living room,4.5,train
living_room/modern/living_room_modern_102.jpg,living room,4.5,train
kitchen/modern/kitchen_modern_140.jpg,kitchen,4.5,train
bathroom/scandinavian/bathroom_scandinavian_2.jpg,bathroom,4.0,train
bedroom/scandinavian/bedroom_scandinavian_76.jpg,bedroom,4.0,train
kitchen/scandinavian/kitchen_scandinavian_52.jpg,kitchen,4.0,train
bathroom/modern/bathroom_modern_24.jpg,bathroom,4.5,train
living_room/scandinavian/living_room_scandinavian_72.jpg,living room,4.0,train
living_room/modern/living_room_modern_171.jpg,living room,4.5,train
bedroom/scandinavian/bedroom_scandinavian_92.jpg,bedroom,4.0,train
kitchen/boho/kitchen_boho_360.jpg,kitchen,3.2,train
kitchen/boho/kitchen_boho_429.jpg,kitchen,3.2,train
kitchen/minimalist/kitchen_minimalist_148.jpg,kitchen,3.5,train
kitchen/modern/kitchen_modern_15.jpg,kitchen,4.5,train
bathroom/scandinavian/bathroom_scandinavian_17.jpg,bathroom,4.0,train
living_room/minimalist/living_room_minimalist_44.jpg,living room,3.5,train
kitchen/modern/kitchen_modern_49.jpg,kitchen,4.5,train
bathroom/industrial/bathroom_industrial_93.jpg,bathroom,3.0,train
living_room/modern/living_room_modern_213.jpg,living room,4.5,train
kitchen/modern/kitchen_modern_150.jpg,kitchen,4.5,train
bathroom/minimalist/bathroom_minimalist_97.jpg,bathroom,3.5,train
living_room/boho/living_room_boho_16.jpg,living room,3.2,train
kitchen/boho/kitchen_boho_129.jpg,kitchen,3.2,train
living_room/scandinavian/living_room_scandinavian_52.jpg,living room,4.0,train
kitchen/scandinavian/kitchen_scandinavian_106.jpg,kitchen,4.0,train
bedroom/scandinavian/bedroom_scandinavian_7.jpg,bedroom,4.0,train
bathroom/industrial/bathroom_industrial_122.jpg,bathroom,3.0,train
kitchen/boho/kitchen_boho_235.jpg,kitchen,3.2,train
bedroom/industrial/bedroom_industrial_153.jpg,bedroom,3.0,train
kitchen/minimalist/kitchen_minimalist_84.jpg,kitchen,3.5,train
bedroom/boho/bedroom_boho_27.jpg,bedroom,3.2,train
living_room/scandinavian/living_room_scandinavian_113.jpg,living room,4.0,train
bathroom/scandinavian/bathroom_scandinavian_88.jpg,bathroom,4.0,train
living_room/minimalist/living_room_minimalist_7.jpg,living room,3.5,train
bedroom/industrial/bedroom_industrial_4.jpg,bedroom,3.0,train
kitchen/modern/kitchen_modern_134.jpg,kitchen,4.5,train
kitchen/modern/kitchen_modern_154.jpg,kitchen,4.5,train
kitchen/modern/kitchen_modern_373.jpg,kitchen,4.5,train
bedroom/minimalist/bedroom_minimalist_3.jpg,bedroom,3.5,train
kitchen/minimalist/kitchen_minimalist_66.jpg,kitchen,3.5,train
kitchen/boho/kitchen_boho_156.jpg,kitchen,3.2,train
living_room/industrial/living_room_industrial_128.jpg,living room,3.0,train
bedroom/industrial/bedroom_industrial_179.jpg,bedroom,3.0,train
bedroom/boho/bedroom_boho_111.jpg,bedroom,3.2,train
living_room/modern/living_room_modern_92.jpg,living room,4.5,train
bedroom/industrial/bedroom_industrial_156.jpg,bedroom,3.0,train
living_room/industrial/living_room_industrial_70.jpg,living room,3.0,train
living_room/industrial/living_room_industrial_32.jpg,living room,3.0,train
kitchen/boho/kitchen_boho_119.jpg,kitchen,3.2,train
living_room/industrial/living_room_industrial_89.jpg,living room,3.0,train
kitchen/industrial/kitchen_industrial_79.jpg,kitchen,3.0,train
bedroom/minimalist/bedroom_minimalist_121.jpg,bedroom,3.5,train
bedroom/industrial/bedroom_industrial_63.jpg,bedroom,3.0,train
kitchen/boho/kitchen_boho_189.jpg,kitchen,3.2,train
kitchen/boho/kitchen_boho_278.jpg,kitchen,3.2,train
living_room/minimalist/living_room_minimalist_73.jpg,living room,3.5,train
kitchen/modern/kitchen_modern_338.jpg,kitchen,4.5,train
kitchen/scandinavian/kitchen_scandinavian_32.jpg,kitchen,4.0,train
living_room/boho/living_room_boho_174.jpg,living room,3.2,train
living_room/minimalist/living_room_minimalist_149.jpg,living room,3.5,train
living_room/minimalist/living_room_minimalist_30.jpg,living room,3.5,train
bathroom/boho/bathroom_boho_45.jpg,bathroom,3.2,train
bedroom/boho/bedroom_boho_124.jpg,bedroom,3.2,train
bathroom/industrial/bathroom_industrial_119.jpg,bathroom,3.0,train
kitchen/industrial/kitchen_industrial_230.jpg,kitchen,3.0,train
bathroom/minimalist/bathroom_minimalist_134.jpg,bathroom,3.5,train
bedroom/industrial/bedroom_industrial_102.jpg,bedroom,3.0,train
kitchen/modern/kitchen_modern_202.jpg,kitchen,4.5,train
living_room/scandinavian/living_room_scandinavian_23.jpg,living room,4.0,train
living_room/industrial/living_room_industrial_51.jpg,living room,3.0,train
living_room/modern/living_room_modern_58.jpg,living room,4.5,train
kitchen/scandinavian/kitchen_scandinavian_8.jpg,kitchen,4.0,train
bedroom/scandinavian/bedroom_scandinavian_42.jpg,bedroom,4.0,train
kitchen/boho/kitchen_boho_137.jpg,kitchen,3.2,train
living_room/modern/living_room_modern_81.jpg,living room,4.5,train
bedroom/modern/bedroom_modern_159.jpg,bedroom,4.5,train
living_room/scandinavian/living_room_scandinavian_3.jpg,living room,4.0,train
kitchen/modern/kitchen_modern_215.jpg,kitchen,4.5,train
bathroom/industrial/bathroom_industrial_116.jpg,bathroom,3.0,train
bedroom/modern/bedroom_modern_73.jpg,bedroom,4.5,train
bedroom/modern/bedroom_modern_151.jpg,bedroom,4.5,train
bathroom/modern/bathroom_modern_104.jpg,bathroom,4.5,train
kitchen/industrial/kitchen_industrial_44.jpg,kitchen,3.0,train
kitchen/boho/kitchen_boho_323.jpg,kitchen,3.2,train
bedroom/industrial/bedroom_industrial_100.jpg,bedroom,3.0,train
kitchen/industrial/kitchen_industrial_34.jpg,kitchen,3.0,train
bedroom/industrial/bedroom_industrial_181.jpg,bedroom,3.0,train
bedroom/industrial/bedroom_industrial_16.jpg,bedroom,3.0,train
kitchen/industrial/kitchen_industrial_87.jpg,kitchen,3.0,train
living_room/boho/living_room_boho_143.jpg,living room,3.2,train
bathroom/boho/bathroom_boho_25.jpg,bathroom,3.2,train
kitchen/industrial/kitchen_industrial_35.jpg,kitchen,3.0,train
living_room/boho/living_room_boho_164.jpg,living room,3.2,train
living_room/modern/living_room_modern_67.jpg,living room,4.5,train
kitchen/minimalist/kitchen_minimalist_118.jpg,kitchen,3.5,train
bedroom/minimalist/bedroom_minimalist_21.jpg,bedroom,3.5,train
bathroom/modern/bathroom_modern_10.jpg,bathroom,4.5,train
kitchen/scandinavian/kitchen_scandinavian_39.jpg,kitchen,4.0,train
kitchen/industrial/kitchen_industrial_1.jpg,kitchen,3.0,train
kitchen/modern/kitchen_modern_265.jpg,kitchen,4.5,train
bathroom/minimalist/bathroom_minimalist_133.jpg,bathroom,3.5,train
living_room/industrial/living_room_industrial_80.jpg,living room,3.0,train
kitchen/modern/kitchen_modern_38.jpg,kitchen,4.5,train
bedroom/scandinavian/bedroom_scandinavian_56.jpg,bedroom,4.0,train
bedroom/modern/bedroom_modern_92.jpg,bedroom,4.5,train
bathroom/modern/bathroom_modern_98.jpg,bathroom,4.5,train
bedroom/industrial/bedroom_industrial_7.jpg,bedroom,3.0,train
kitchen/modern/kitchen_modern_51.jpg,kitchen,4.5,train
bedroom/boho/bedroom_boho_42.jpg,bedroom,3.2,train
bathroom/minimalist/bathroom_minimalist_29.jpg,bathroom,3.5,train
bathroom/boho/bathroom_boho_59.jpg,bathroom,3.2,train
living_room/minimalist/living_room_minimalist_113.jpg,living room,3.5,train
living_room/modern/living_room_modern_155.jpg,living room,4.5,train
bedroom/industrial/bedroom_industrial_45.jpg,bedroom,3.0,train
kitchen/scandinavian/kitchen_scandinavian_45.jpg,kitchen,4.0,train
bedroom/scandinavian/bedroom_scandinavian_35.jpg,bedroom,4.0,train
kitchen/modern/kitchen_modern_324.jpg,kitchen,4.5,train
living_room/boho/living_room_boho_90.jpg,living room,3.2,train
kitchen/industrial/kitchen_industrial_39.jpg,kitchen,3.0,train
bathroom/industrial/bathroom_industrial_63.jpg,bathroom,3.0,train
bedroom/scandinavian/bedroom_scandinavian_32.jpg,bedroom,4.0,train
living_room/modern/living_room_modern_129.jpg,living room,4.5,train
kitchen/boho/kitchen_boho_314.jpg,kitchen,3.2,train
bedroom/modern/bedroom_modern_83.jpg,bedroom,4.5,train
kitchen/boho/kitchen_boho_204.jpg,kitchen,3.2,train
kitchen/boho/kitchen_boho_165.jpg,kitchen,3.2,train
bedroom/scandinavian/bedroom_scandinavian_14.jpg,bedroom,4.0,train
bathroom/industrial/bathroom_industrial_28.jpg,bathroom,3.0,train
living_room/minimalist/living_room_minimalist_201.jpg,living room,3.5,train
bedroom/modern/bedroom_modern_197.jpg,bedroom,4.5,train
bathroom/industrial/bathroom_industrial_149.jpg,bathroom,3.0,train
bathroom/minimalist/bathroom_minimalist_52.jpg,bathroom,3.5,train
living_room/modern/living_room_modern_127.jpg,living room,4.5,train
bedroom/minimalist/bedroom_minimalist_69.jpg,bedroom,3.5,train
living_room/modern/living_room_modern_104.jpg,living room,4.5,train
living_room/boho/living_room_boho_171.jpg,living room,3.2,train
living_room/industrial/living_room_industrial_103.jpg,living room,3.0,train
bedroom/boho/bedroom_boho_18.jpg,bedroom,3.2,train
bathroom/boho/bathroom_boho_58.jpg,bathroom,3.2,train
kitchen/minimalist/kitchen_minimalist_42.jpg,kitchen,3.5,train
bathroom/industrial/bathroom_industrial_138.jpg,bathroom,3.0,train
kitchen/industrial/kitchen_industrial_147.jpg,kitchen,3.0,train
living_room/modern/living_room_modern_89.jpg,living room,4.5,train
living_room/industrial/living_room_industrial_45.jpg,living room,3.0,train
living_room/boho/living_room_boho_155.jpg,living room,3.2,train
bedroom/minimalist/bedroom_minimalist_145.jpg,bedroom,3.5,train
bedroom/minimalist/bedroom_minimalist_102.jpg,bedroom,3.5,train
kitchen/boho/kitchen_boho_127.jpg,kitchen,3.2,train
bathroom/industrial/bathroom_industrial_7.jpg,bathroom,3.0,train
living_room/scandinavian/living_room_scandinavian_63.jpg,living room,4.0,train
kitchen/modern/kitchen_modern_44.jpg,kitchen,4.5,train
bathroom/scandinavian/bathroom_scandinavian_85.jpg,bathroom,4.0,train
bedroom/minimalist/bedroom_minimalist_154.jpg,bedroom,3.5,train
bedroom/modern/bedroom_modern_152.jpg,bedroom,4.5,train
kitchen/boho/kitchen_boho_262.jpg,kitchen,3.2,train
bedroom/industrial/bedroom_industrial_157.jpg,bedroom,3.0,train
living_room/minimalist/living_room_minimalist_192.jpg,living room,3.5,train
bedroom/industrial/bedroom_industrial_183.jpg,bedroom,3.0,train
bedroom/modern/bedroom_modern_172.jpg,bedroom,4.5,train
bedroom/modern/bedroom_modern_105.jpg,bedroom,4.5,train
kitchen/industrial/kitchen_industrial_59.jpg,kitchen,3.0,train
bathroom/modern/bathroom_modern_61.jpg,bathroom,4.5,train
kitchen/scandinavian/kitchen_scandinavian_82.jpg,kitchen,4.0,train
kitchen/scandinavian/kitchen_scandinavian_2.jpg,kitchen,4.0,train
kitchen/modern/kitchen_modern_366.jpg,kitchen,4.5,train
bedroom/minimalist/bedroom_minimalist_123.jpg,bedroom,3.5,train
bedroom/boho/bedroom_boho_46.jpg,bedroom,3.2,train
bedroom/boho/bedroom_boho_36.jpg,bedroom,3.2,train
bedroom/minimalist/bedroom_minimalist_117.jpg,bedroom,3.5,train
bedroom/industrial/bedroom_industrial_147.jpg,bedroom,3.0,train
kitchen/modern/kitchen_modern_63.jpg,kitchen,4.5,train
living_room/scandinavian/living_room_scandinavian_62.jpg,living room,4.0,train
living_room/industrial/living_room_industrial_175.jpg,living room,3.0,train
living_room/modern/living_room_modern_65.jpg,living room,4.5,train
living_room/boho/living_room_boho_55.jpg,living room,3.2,train
bedroom/industrial/bedroom_industrial_42.jpg,bedroom,3.0,train
bathroom/modern/bathroom_modern_4.jpg,bathroom,4.5,train
kitchen/modern/kitchen_modern_145.jpg,kitchen,4.5,train
kitchen/modern/kitchen_modern_188.jpg,kitchen,4.5,train
bathroom/minimalist/bathroom_minimalist_164.jpg,bathroom,3.5,train
bedroom/industrial/bedroom_industrial_93.jpg,bedroom,3.0,train
kitchen/minimalist/kitchen_minimalist_175.jpg,kitchen,3.5,train
kitchen/industrial/kitchen_industrial_54.jpg,kitchen,3.0,train
kitchen/minimalist/kitchen_minimalist_74.jpg,kitchen,3.5,train
living_room/minimalist/living_room_minimalist_184.jpg,living room,3.5,train
living_room/modern/living_room_modern_263.jpg,living room,4.5,train
kitchen/modern/kitchen_modern_75.jpg,kitchen,4.5,train
living_room/boho/living_room_boho_179.jpg,living room,3.2,train
living_room/scandinavian/living_room_scandinavian_88.jpg,living room,4.0,train
kitchen/boho/kitchen_boho_216.jpg,kitchen,3.2,train
kitchen/industrial/kitchen_industrial_169.jpg,kitchen,3.0,train
kitchen/scandinavian/kitchen_scandinavian_53.jpg,kitchen,4.0,train
bedroom/scandinavian/bedroom_scandinavian_30.jpg,bedroom,4.0,train
bathroom/boho/bathroom_boho_111.jpg,bathroom,3.2,train
bathroom/minimalist/bathroom_minimalist_12.jpg,bathroom,3.5,train
bathroom/modern/bathroom_modern_49.jpg,bathroom,4.5,train
kitchen/modern/kitchen_modern_297.jpg,kitchen,4.5,train
living_room/industrial/living_room_industrial_158.jpg,living room,3.0,train
bathroom/modern/bathroom_modern_32.jpg,bathroom,4.5,train
bathroom/boho/bathroom_boho_80.jpg,bathroom,3.2,train
kitchen/industrial/kitchen_industrial_123.jpg,kitchen,3.0,train
bedroom/minimalist/bedroom_minimalist_182.jpg,bedroom,3.5,train
living_room/scandinavian/living_room_scandinavian_152.jpg,living room,4.0,train
living_room/minimalist/living_room_minimalist_178.jpg,living room,3.5,train
living_room/boho/living_room_boho_147.jpg,living room,3.2,train
kitchen/industrial/kitchen_industrial_218.jpg,kitchen,3.0,train
living_room/boho/living_room_boho_110.jpg,living room,3.2,train
living_room/boho/living_room_boho_14.jpg,living room,3.2,train
bathroom/industrial/bathroom_industrial_89.jpg,bathroom,3.0,train
bedroom/minimalist/bedroom_minimalist_140.jpg,bedroom,3.5,train
kitchen/scandinavian/kitchen_scandinavian_20.jpg,kitchen,4.0,train
bathroom/boho/bathroom_boho_2.jpg,bathroom,3.2,train
kitchen/minimalist/kitchen_minimalist_159.jpg,kitchen,3.5,train
living_room/boho/living_room_boho_169.jpg,living room,3.2,train
bathroom/industrial/bathroom_industrial_105.jpg,bathroom,3.0,train
living_room/industrial/living_room_industrial_151.jpg,living room,3.0,train
bathroom/scandinavian/bathroom_scandinavian_73.jpg,bathroom,4.0,train
kitchen/scandinavian/kitchen_scandinavian_14.jpg,kitchen,4.0,train
bedroom/modern/bedroom_modern_111.jpg,bedroom,4.5,train
kitchen/modern/kitchen_modern_257.jpg,kitchen,4.5,train
bedroom/modern/bedroom_modern_132.jpg,bedroom,4.5,train
living_room/industrial/living_room_industrial_185.jpg,living room,3.0,train
bathroom/scandinavian/bathroom_scandinavian_57.jpg,bathroom,4.0,train
living_room/scandinavian/living_room_scandinavian_54.jpg,living room,4.0,train
living_room/industrial/living_room_industrial_142.jpg,living room,3.0,train
kitchen/boho/kitchen_boho_273.jpg,kitchen,3.2,train
living_room/minimalist/living_room_minimalist_195.jpg,living room,3.5,train
kitchen/industrial/kitchen_industrial_224.jpg,kitchen,3.0,train
living_room/scandinavian/living_room_scandinavian_135.jpg,living room,4.0,train
kitchen/industrial/kitchen_industrial_27.jpg,kitchen,3.0,train
kitchen/minimalist/kitchen_minimalist_119.jpg,kitchen,3.5,train
living_room/boho/living_room_boho_140.jpg,living room,3.2,train
bedroom/minimalist/bedroom_minimalist_63.jpg,bedroom,3.5,train
bathroom/boho/bathroom_boho_31.jpg,bathroom,3.2,train
bathroom/modern/bathroom_modern_85.jpg,bathroom,4.5,train
bedroom/modern/bedroom_modern_106.jpg,bedroom,4.5,train
living_room/modern/living_room_modern_234.jpg,living room,4.5,train
kitchen/boho/kitchen_boho_364.jpg,kitchen,3.2,train
bathroom/industrial/bathroom_industrial_145.jpg,bathroom,3.0,train
kitchen/scandinavian/kitchen_scandinavian_57.jpg,kitchen,4.0,train
bedroom/scandinavian/bedroom_scandinavian_47.jpg,bedroom,4.0,train
bedroom/industrial/bedroom_industrial_166.jpg,bedroom,3.0,train
bathroom/boho/bathroom_boho_65.jpg,bathroom,3.2,train
kitchen/boho/kitchen_boho_303.jpg,kitchen,3.2,train
kitchen/boho/kitchen_boho_252.jpg,kitchen,3.2,train
kitchen/industrial/kitchen_industrial_150.jpg,kitchen,3.0,train
living_room/industrial/living_room_industrial_8.jpg,living room,3.0,train
bathroom/industrial/bathroom_industrial_134.jpg,bathroom,3.0,train
kitchen/boho/kitchen_boho_372.jpg,kitchen,3.2,train
kitchen/boho/kitchen_boho_311.jpg,kitchen,3.2,train
living_room/scandinavian/living_room_scandinavian_12.jpg,living room,4.0,train
kitchen/boho/kitchen_boho_79.jpg,kitchen,3.2,train
living_room/modern/living_room_modern_116.jpg,living room,4.5,train
bathroom/modern/bathroom_modern_34.jpg,bathroom,4.5,train
living_room/modern/living_room_modern_298.jpg,living room,4.5,train
kitchen/industrial/kitchen_industrial_282.jpg,kitchen,3.0,train
bathroom/minimalist/bathroom_minimalist_82.jpg,bathroom,3.5,train
living_room/modern/living_room_modern_90.jpg,living room,4.5,train
living_room/modern/living_room_modern_99.jpg,living room,4.5,train
bedroom/industrial/bedroom_industrial_98.jpg,bedroom,3.0,train
bedroom/modern/bedroom_modern_69.jpg,bedroom,4.5,train
kitchen/boho/kitchen_boho_378.jpg,kitchen,3.2,train
kitchen/scandinavian/kitchen_scandinavian_72.jpg,kitchen,4.0,train
living_room/boho/living_room_boho_89.jpg,living room,3.2,train
kitchen/modern/kitchen_modern_322.jpg,kitchen,4.5,train
living_room/boho/living_room_boho_127.jpg,living room,3.2,train
bedroom/industrial/bedroom_industrial_49.jpg,bedroom,3.0,train
living_room/boho/living_room_boho_150.jpg,living room,3.2,train
living_room/industrial/living_room_industrial_177.jpg,living room,3.0,train
living_room/modern/living_room_modern_278.jpg,living room,4.5,train
bathroom/minimalist/bathroom_minimalist_18.jpg,bathroom,3.5,train
kitchen/boho/kitchen_boho_18.jpg,kitchen,3.2,train
kitchen/modern/kitchen_modern_159.jpg,kitchen,4.5,train
living_room/minimalist/living_room_minimalist_138.jpg,living room,3.5,train
kitchen/scandinavian/kitchen_scandinavian_87.jpg,kitchen,4.0,train
bathroom/scandinavian/bathroom_scandinavian_45.jpg,bathroom,4.0,train
bathroom/minimalist/bathroom_minimalist_87.jpg,bathroom,3.5,train
bedroom/boho/bedroom_boho_81.jpg,bedroom,3.2,train
living_room/boho/living_room_boho_97.jpg,living room,3.2,train
bathroom/industrial/bathroom_industrial_92.jpg,bathroom,3.0,train
kitchen/industrial/kitchen_industrial_201.jpg,kitchen,3.0,train
bedroom/minimalist/bedroom_minimalist_58.jpg,bedroom,3.5,train
living_room/industrial/living_room_industrial_183.jpg,living room,3.0,train
bedroom/industrial/bedroom_industrial_138.jpg,bedroom,3.0,train
kitchen/industrial/kitchen_industrial_12.jpg,kitchen,3.0,train
bedroom/boho/bedroom_boho_71.jpg,bedroom,3.2,train
kitchen/scandinavian/kitchen_scandinavian_115.jpg,kitchen,4.0,train
living_room/boho/living_room_boho_46.jpg,living room,3.2,train
kitchen/modern/kitchen_modern_319.jpg,kitchen,4.5,train
kitchen/boho/kitchen_boho_85.jpg,kitchen,3.2,train
bedroom/scandinavian/bedroom_scandinavian_117.jpg,bedroom,4.0,train
living_room/modern/living_room_modern_42.jpg,living room,4.5,train
kitchen/industrial/kitchen_industrial_50.jpg,kitchen,3.0,train
kitchen/industrial/kitchen_industrial_268.jpg,kitchen,3.0,train
bathroom/modern/bathroom_modern_35.jpg,bathroom,4.5,train
kitchen/scandinavian/kitchen_scandinavian_28.jpg,kitchen,4.0,train
bedroom/industrial/bedroom_industrial_8.jpg,bedroom,3.0,train
bathroom/scandinavian/bathroom_scandinavian_40.jpg,bathroom,4.0,train
kitchen/boho/kitchen_boho_443.jpg,kitchen,3.2,train
bathroom/industrial/bathroom_industrial_12.jpg,bathroom,3.0,train
bedroom/scandinavian/bedroom_scandinavian_123.jpg,bedroom,4.0,train
bedroom/industrial/bedroom_industrial_86.jpg,bedroom,3.0,train
bathroom/boho/bathroom_boho_75.jpg,bathroom,3.2,train
bathroom/minimalist/bathroom_minimalist_55.jpg,bathroom,3.5,train
kitchen/minimalist/kitchen_minimalist_176.jpg,kitchen,3.5,train
bedroom/industrial/bedroom_industrial_28.jpg,bedroom,3.0,train
bathroom/minimalist/bathroom_minimalist_138.jpg,bathroom,3.5,train
kitchen/industrial/kitchen_industrial_170.jpg,kitchen,3.0,train
kitchen/industrial/kitchen_industrial_11.jpg,kitchen,3.0,train
living_room/minimalist/living_room_minimalist_150.jpg,living room,3.5,train
living_room/modern/living_room_modern_8.jpg,living room,4.5,train
bathroom/industrial/bathroom_industrial_132.jpg,bathroom,3.0,train
bedroom/industrial/bedroom_industrial_34.jpg,bedroom,3.0,train
kitchen/modern/kitchen_modern_234.jpg,kitchen,4.5,train
kitchen/modern/kitchen_modern_344.jpg,kitchen,4.5,train
bathroom/minimalist/bathroom_minimalist_136.jpg,bathroom,3.5,train
kitchen/industrial/kitchen_industrial_187.jpg,kitchen,3.0,train
bathroom/industrial/bathroom_industrial_99.jpg,bathroom,3.0,train
bedroom/minimalist/bedroom_minimalist_132.jpg,bedroom,3.5,train
living_room/minimalist/living_room_minimalist_145.jpg,living room,3.5,train
kitchen/boho/kitchen_boho_88.jpg,kitchen,3.2,train
kitchen/minimalist/kitchen_minimalist_21.jpg,kitchen,3.5,train
living_room/modern/living_room_modern_232.jpg,living room,4.5,train
kitchen/modern/kitchen_modern_351.jpg,kitchen,4.5,train
kitchen/modern/kitchen_modern_26.jpg,kitchen,4.5,train
bathroom/scandinavian/bathroom_scandinavian_20.jpg,bathroom,4.0,train
kitchen/industrial/kitchen_industrial_289.jpg,kitchen,3.0,train
living_room/industrial/living_room_industrial_10.jpg,living room,3.0,train
living_room/industrial/living_room_industrial_23.jpg,living room,3.0,train
living_room/industrial/living_room_industrial_84.jpg,living room,3.0,train
kitchen/modern/kitchen_modern_242.jpg,kitchen,4.5,train
kitchen/industrial/kitchen_industrial_71.jpg,kitchen,3.0,train
kitchen/industrial/kitchen_industrial_198.jpg,kitchen,3.0,train
kitchen/minimalist/kitchen_minimalist_185.jpg,kitchen,3.5,train
bedroom/boho/bedroom_boho_64.jpg,bedroom,3.2,train
bathroom/modern/bathroom_modern_42.jpg,bathroom,4.5,train
bathroom/boho/bathroom_boho_61.jpg,bathroom,3.2,train
bathroom/minimalist/bathroom_minimalist_153.jpg,bathroom,3.5,train
kitchen/modern/kitchen_modern_240.jpg,kitchen,4.5,train
kitchen/minimalist/kitchen_minimalist_108.jpg,kitchen,3.5,train
bathroom/minimalist/bathroom_minimalist_100.jpg,bathroom,3.5,train
living_room/scandinavian/living_room_scandinavian_36.jpg,living room,4.0,train
living_room/industrial/living_room_industrial_102.jpg,living room,3.0,train
bathroom/modern/bathroom_modern_12.jpg,bathroom,4.5,train
bedroom/minimalist/bedroom_minimalist_95.jpg,bedroom,3.5,train
bedroom/modern/bedroom_modern_41.jpg,bedroom,4.5,train
bathroom/modern/bathroom_modern_102.jpg,bathroom,4.5,train
kitchen/boho/kitchen_boho_7.jpg,kitchen,3.2,train
bathroom/scandinavian/bathroom_scandinavian_5.jpg,bathroom,4.0,train
bedroom/minimalist/bedroom_minimalist_12.jpg,bedroom,3.5,train
kitchen/industrial/kitchen_industrial_148.jpg,kitchen,3.0,train
bathroom/industrial/bathroom_industrial_21.jpg,bathroom,3.0,train
kitchen/industrial/kitchen_industrial_74.jpg,kitchen,3.0,train
kitchen/modern/kitchen_modern_325.jpg,kitchen,4.5,train
kitchen/minimalist/kitchen_minimalist_184.jpg,kitchen,3.5,train
bathroom/minimalist/bathroom_minimalist_126.jpg,bathroom,3.5,train
kitchen/minimalist/kitchen_minimalist_173.jpg,kitchen,3.5,train
bathroom/scandinavian/bathroom_scandinavian_87.jpg,bathroom,4.0,train
kitchen/modern/kitchen_modern_294.jpg,kitchen,4.5,train
kitchen/boho/kitchen_boho_15.jpg,kitchen,3.2,train
living_room/scandinavian/living_room_scandinavian_140.jpg,living room,4.0,train
bathroom/modern/bathroom_modern_56.jpg,bathroom,4.5,train
kitchen/modern/kitchen_modern_321.jpg,kitchen,4.5,train
kitchen/modern/kitchen_modern_70.jpg,kitchen,4.5,train
bedroom/industrial/bedroom_industrial_202.jpg,bedroom,3.0,train
kitchen/industrial/kitchen_industrial_143.jpg,kitchen,3.0,train
bathroom/minimalist/bathroom_minimalist_21.jpg,bathroom,3.5,train
living_room/boho/living_room_boho_88.jpg,living room,3.2,train
living_room/modern/living_room_modern_288.jpg,living room,4.5,train
kitchen/minimalist/kitchen_minimalist_170.jpg,kitchen,3.5,train
bathroom/boho/bathroom_boho_112.jpg,bathroom,3.2,train
kitchen/industrial/kitchen_industrial_103.jpg,kitchen,3.0,train
kitchen/boho/kitchen_boho_77.jpg,kitchen,3.2,train
living_room/minimalist/living_room_minimalist_47.jpg,living room,3.5,train
bedroom/modern/bedroom_modern_64.jpg,bedroom,4.5,train
living_room/minimalist/living_room_minimalist_126.jpg,living room,3.5,train
kitchen/boho/kitchen_boho_69.jpg,kitchen,3.2,train
bedroom/modern/bedroom_modern_13.jpg,bedroom,4.5,train
bedroom/industrial/bedroom_industrial_141.jpg,bedroom,3.0,train
bedroom/boho/bedroom_boho_33.jpg,bedroom,3.2,train
kitchen/boho/kitchen_boho_42.jpg,kitchen,3.2,train
living_room/minimalist/living_room_minimalist_123.jpg,living room,3.5,train
living_room/modern/living_room_modern_214.jpg,living room,4.5,train
bathroom/industrial/bathroom_industrial_100.jpg,bathroom,3.0,train
kitchen/boho/kitchen_boho_431.jpg,kitchen,3.2,train
living_room/minimalist/living_room_minimalist_86.jpg,living room,3.5,train
living_room/modern/living_room_modern_269.jpg,living room,4.5,train
kitchen/boho/kitchen_boho_400.jpg,kitchen,3.2,train
living_room/modern/living_room_modern_122.jpg,living room,4.5,train
living_room/modern/living_room_modern_110.jpg,living room,4.5,train
living_room/industrial/living_room_industrial_92.jpg,living room,3.0,train
bedroom/boho/bedroom_boho_100.jpg,bedroom,3.2,train
bedroom/boho/bedroom_boho_14.jpg,bedroom,3.2,train
kitchen/boho/kitchen_boho_230.jpg,kitchen,3.2,train
kitchen/boho/kitchen_boho_468.jpg,kitchen,3.2,train
bedroom/industrial/bedroom_industrial_124.jpg,bedroom,3.0,train
kitchen/boho/kitchen_boho_134.jpg,kitchen,3.2,train
kitchen/modern/kitchen_modern_151.jpg,kitchen,4.5,train
kitchen/modern/kitchen_modern_130.jpg,kitchen,4.5,train
bathroom/scandinavian/bathroom_scandinavian_68.jpg,bathroom,4.0,train
living_room/scandinavian/living_room_scandinavian_97.jpg,living room,4.0,train
kitchen/boho/kitchen_boho_466.jpg,kitchen,3.2,train
bedroom/boho/bedroom_boho_44.jpg,bedroom,3.2,train
living_room/modern/living_room_modern_289.jpg,living room,4.5,train
living_room/modern/living_room_modern_123.jpg,living room,4.5,train
living_room/industrial/living_room_industrial_153.jpg,living room,3.0,train
living_room/boho/living_room_boho_107.jpg,living room,3.2,train
living_room/scandinavian/living_room_scandinavian_11.jpg,living room,4.0,train
kitchen/minimalist/kitchen_minimalist_22.jpg,kitchen,3.5,train
kitchen/boho/kitchen_boho_121.jpg,kitchen,3.2,train
living_room/modern/living_room_modern_158.jpg,living room,4.5,train
bedroom/boho/bedroom_boho_22.jpg,bedroom,3.2,train
kitchen/boho/kitchen_boho_68.jpg,kitchen,3.2,train
kitchen/modern/kitchen_modern_52.jpg,kitchen,4.5,train
kitchen/boho/kitchen_boho_229.jpg,kitchen,3.2,train
kitchen/industrial/kitchen_industrial_128.jpg,kitchen,3.0,train
kitchen/minimalist/kitchen_minimalist_130.jpg,kitchen,3.5,train
bedroom/modern/bedroom_modern_114.jpg,bedroom,4.5,train
kitchen/minimalist/kitchen_minimalist_63.jpg,kitchen,3.5,train
bedroom/minimalist/bedroom_minimalist_178.jpg,bedroom,3.5,train
bedroom/industrial/bedroom_industrial_15.jpg,bedroom,3.0,train
kitchen/industrial/kitchen_industrial_22.jpg,kitchen,3.0,train
living_room/industrial/living_room_industrial_124.jpg,living room,3.0,train
kitchen/boho/kitchen_boho_324.jpg,kitchen,3.2,train
bedroom/boho/bedroom_boho_84.jpg,bedroom,3.2,train
bedroom/scandinavian/bedroom_scandinavian_107.jpg,bedroom,4.0,train
bathroom/scandinavian/bathroom_scandinavian_36.jpg,bathroom,4.0,train
kitchen/industrial/kitchen_industrial_290.jpg,kitchen,3.0,train
bathroom/minimalist/bathroom_minimalist_132.jpg,bathroom,3.5,train
kitchen/industrial/kitchen_industrial_292.jpg,kitchen,3.0,train
bathroom/minimalist/bathroom_minimalist_43.jpg,bathroom,3.5,train
bathroom/modern/bathroom_modern_76.jpg,bathroom,4.5,train
kitchen/boho/kitchen_boho_373.jpg,kitchen,3.2,train
bedroom/scandinavian/bedroom_scandinavian_16.jpg,bedroom,4.0,train
living_room/scandinavian/living_room_scandinavian_163.jpg,living room,4.0,train
bedroom/modern/bedroom_modern_18.jpg,bedroom,4.5,train
kitchen/modern/kitchen_modern_158.jpg,kitchen,4.5,train
bedroom/scandinavian/bedroom_scandinavian_68.jpg,bedroom,4.0,train
kitchen/industrial/kitchen_industrial_205.jpg,kitchen,3.0,train
bedroom/minimalist/bedroom_minimalist_167.jpg,bedroom,3.5,train
bedroom/minimalist/bedroom_minimalist_40.jpg,bedroom,3.5,train
bedroom/minimalist/bedroom_minimalist_100.jpg,bedroom,3.5,train
bedroom/minimalist/bedroom_minimalist_73.jpg,bedroom,3.5,train
kitchen/boho/kitchen_boho_439.jpg,kitchen,3.2,train
kitchen/modern/kitchen_modern_208.jpg,kitchen,4.5,train
bedroom/modern/bedroom_modern_160.jpg,bedroom,4.5,train
bathroom/boho/bathroom_boho_42.jpg,bathroom,3.2,train
bedroom/boho/bedroom_boho_137.jpg,bedroom,3.2,train
living_room/scandinavian/living_room_scandinavian_66.jpg,living room,4.0,train
kitchen/scandinavian/kitchen_scandinavian_129.jpg,kitchen,4.0,train
bathroom/boho/bathroom_boho_76.jpg,bathroom,3.2,train
bedroom/modern/bedroom_modern_9.jpg,bedroom,4.5,train
bathroom/modern/bathroom_modern_41.jpg,bathroom,4.5,train
living_room/minimalist/living_room_minimalist_106.jpg,living room,3.5,train
kitchen/boho/kitchen_boho_101.jpg,kitchen,3.2,train
living_room/modern/living_room_modern_83.jpg,living room,4.5,train
kitchen/minimalist/kitchen_minimalist_168.jpg,kitchen,3.5,train
living_room/minimalist/living_room_minimalist_87.jpg,living room,3.5,train
kitchen/scandinavian/kitchen_scandinavian_66.jpg,kitchen,4.0,train
living_room/modern/living_room_modern_117.jpg,living room,4.5,train
bedroom/scandinavian/bedroom_scandinavian_140.jpg,bedroom,4.0,train
kitchen/modern/kitchen_modern_194.jpg,kitchen,4.5,train
bathroom/boho/bathroom_boho_3.jpg,bathroom,3.2,train
bathroom/minimalist/bathroom_minimalist_158.jpg,bathroom,3.5,train
living_room/modern/living_room_modern_30.jpg,living room,4.5,train
bathroom/industrial/bathroom_industrial_57.jpg,bathroom,3.0,train
bathroom/industrial/bathroom_industrial_125.jpg,bathroom,3.0,train
kitchen/scandinavian/kitchen_scandinavian_147.jpg,kitchen,4.0,train
kitchen/boho/kitchen_boho_75.jpg,kitchen,3.2,train
bedroom/industrial/bedroom_industrial_72.jpg,bedroom,3.0,train
kitchen/minimalist/kitchen_minimalist_91.jpg,kitchen,3.5,train
kitchen/industrial/kitchen_industrial_68.jpg,kitchen,3.0,train
living_room/boho/living_room_boho_160.jpg,living room,3.2,train
living_room/industrial/living_room_industrial_194.jpg,living room,3.0,train
kitchen/industrial/kitchen_industrial_294.jpg,kitchen,3.0,train
kitchen/industrial/kitchen_industrial_132.jpg,kitchen,3.0,train
bathroom/minimalist/bathroom_minimalist_93.jpg,bathroom,3.5,train
living_room/scandinavian/living_room_scandinavian_98.jpg,living room,4.0,train
kitchen/boho/kitchen_boho_183.jpg,kitchen,3.2,train
bathroom/boho/bathroom_boho_109.jpg,bathroom,3.2,train
bedroom/boho/bedroom_boho_112.jpg,bedroom,3.2,train
living_room/boho/living_room_boho_114.jpg,living room,3.2,train
bedroom/minimalist/bedroom_minimalist_114.jpg,bedroom,3.5,train
kitchen/industrial/kitchen_industrial_96.jpg,kitchen,3.0,train
kitchen/minimalist/kitchen_minimalist_85.jpg,kitchen,3.5,train
bathroom/modern/bathroom_modern_66.jpg,bathroom,4.5,train
kitchen/modern/kitchen_modern_378.jpg,kitchen,4.5,train
bedroom/boho/bedroom_boho_109.jpg,bedroom,3.2,train
bathroom/industrial/bathroom_industrial_113.jpg,bathroom,3.0,train
living_room/minimalist/living_room_minimalist_131.jpg,living room,3.5,train
bathroom/scandinavian/bathroom_scandinavian_119.jpg,bathroom,4.0,train
living_room/industrial/living_room_industrial_120.jpg,living room,3.0,train
kitchen/boho/kitchen_boho_192.jpg,kitchen,3.2,train
kitchen/boho/kitchen_boho_8.jpg,kitchen,3.2,train
kitchen/scandinavian/kitchen_scandinavian_99.jpg,kitchen,4.0,train
kitchen/industrial/kitchen_industrial_237.jpg,kitchen,3.0,train
kitchen/boho/kitchen_boho_455.jpg,kitchen,3.2,train
kitchen/modern/kitchen_modern_320.jpg,kitchen,4.5,train
bathroom/industrial/bathroom_industrial_96.jpg,bathroom,3.0,train
kitchen/boho/kitchen_boho_57.jpg,kitchen,3.2,train
living_room/minimalist/living_room_minimalist_177.jpg,living room,3.5,train
bedroom/modern/bedroom_modern_80.jpg,bedroom,4.5,train
living_room/industrial/living_room_industrial_25.jpg,living room,3.0,train
living_room/scandinavian/living_room_scandinavian_118.jpg,living room,4.0,train
living_room/minimalist/living_room_minimalist_134.jpg,living room,3.5,train
bedroom/industrial/bedroom_industrial_56.jpg,bedroom,3.0,train
kitchen/modern/kitchen_modern_358.jpg,kitchen,4.5,train
kitchen/boho/kitchen_boho_270.jpg,kitchen,3.2,train
living_room/scandinavian/living_room_scandinavian_47.jpg,living room,4.0,train
living_room/boho/living_room_boho_103.jpg,living room,3.2,train
kitchen/boho/kitchen_boho_300.jpg,kitchen,3.2,train
living_room/boho/living_room_boho_64.jpg,living room,3.2,train
bedroom/scandinavian/bedroom_scandinavian_148.jpg,bedroom,4.0,train
kitchen/modern/kitchen_modern_361.jpg,kitchen,4.5,train
bathroom/industrial/bathroom_industrial_33.jpg,bathroom,3.0,train
living_room/modern/living_room_modern_41.jpg,living room,4.5,train
bathroom/scandinavian/bathroom_scandinavian_106.jpg,bathroom,4.0,train
kitchen/minimalist/kitchen_minimalist_150.jpg,kitchen,3.5,train
kitchen/modern/kitchen_modern_275.jpg,kitchen,4.5,train
bedroom/minimalist/bedroom_minimalist_107.jpg,bedroom,3.5,train
bedroom/boho/bedroom_boho_57.jpg,bedroom,3.2,train
bedroom/minimalist/bedroom_minimalist_129.jpg,bedroom,3.5,train
living_room/industrial/living_room_industrial_148.jpg,living room,3.0,train
kitchen/industrial/kitchen_industrial_211.jpg,kitchen,3.0,train
kitchen/modern/kitchen_modern_133.jpg,kitchen,4.5,train
living_room/modern/living_room_modern_120.jpg,living room,4.5,train
bedroom/boho/bedroom_boho_19.jpg,bedroom,3.2,train
living_room/boho/living_room_boho_91.jpg,living room,3.2,train
bedroom/minimalist/bedroom_minimalist_37.jpg,bedroom,3.5,train
living_room/minimalist/living_room_minimalist_167.jpg,living room,3.5,train
living_room/scandinavian/living_room_scandinavian_68.jpg,living room,4.0,train
bathroom/boho/bathroom_boho_4.jpg,bathroom,3.2,train
kitchen/boho/kitchen_boho_248.jpg,kitchen,3.2,train
bedroom/scandinavian/bedroom_scandinavian_20.jpg,bedroom,4.0,train
kitchen/modern/kitchen_modern_175.jpg,kitchen,4.5,train
living_room/industrial/living_room_industrial_150.jpg,living room,3.0,train
bathroom/minimalist/bathroom_minimalist_32.jpg,bathroom,3.5,train
bedroom/minimalist/bedroom_minimalist_81.jpg,bedroom,3.5,train
living_room/boho/living_room_boho_105.jpg,living room,3.2,train
living_room/boho/living_room_boho_79.jpg,living room,3.2,train
bathroom/modern/bathroom_modern_44.jpg,bathroom,4.5,train
bathroom/minimalist/bathroom_minimalist_101.jpg,bathroom,3.5,train
living_room/modern/living_room_modern_291.jpg,living room,4.5,train
bedroom/boho/bedroom_boho_133.jpg,bedroom,3.2,train
living_room/minimalist/living_room_minimalist_11.jpg,living room,3.5,train
kitchen/minimalist/kitchen_minimalist_123.jpg,kitchen,3.5,train
kitchen/modern/kitchen_modern_170.jpg,kitchen,4.5,train
living_room/modern/living_room_modern_207.jpg,living room,4.5,train
kitchen/boho/kitchen_boho_12.jpg,kitchen,3.2,train
living_room/modern/living_room_modern_198.jpg,living room,4.5,train
bedroom/boho/bedroom_boho_26.jpg,bedroom,3.2,train
kitchen/industrial/kitchen_industrial_189.jpg,kitchen,3.0,train
kitchen/boho/kitchen_boho_228.jpg,kitchen,3.2,train
bathroom/minimalist/bathroom_minimalist_98.jpg,bathroom,3.5,train
living_room/modern/living_room_modern_241.jpg,living room,4.5,train
kitchen/industrial/kitchen_industrial_135.jpg,kitchen,3.0,train
kitchen/boho/kitchen_boho_202.jpg,kitchen,3.2,train
bedroom/boho/bedroom_boho_20.jpg,bedroom,3.2,train
bedroom/modern/bedroom_modern_82.jpg,bedroom,4.5,train
bedroom/minimalist/bedroom_minimalist_171.jpg,bedroom,3.5,train
kitchen/minimalist/kitchen_minimalist_92.jpg,kitchen,3.5,train
bathroom/modern/bathroom_modern_89.jpg,bathroom,4.5,train
kitchen/modern/kitchen_modern_335.jpg,kitchen,4.5,train
kitchen/industrial/kitchen_industrial_222.jpg,kitchen,3.0,train
living_room/industrial/living_room_industrial_78.jpg,living room,3.0,train
living_room/boho/living_room_boho_48.jpg,living room,3.2,train
kitchen/boho/kitchen_boho_261.jpg,kitchen,3.2,train
bedroom/minimalist/bedroom_minimalist_174.jpg,bedroom,3.5,train
bathroom/scandinavian/bathroom_scandinavian_47.jpg,bathroom,4.0,train
kitchen/minimalist/kitchen_minimalist_110.jpg,kitchen,3.5,train
living_room/boho/living_room_boho_115.jpg,living room,3.2,train
kitchen/boho/kitchen_boho_26.jpg,kitchen,3.2,train
bedroom/modern/bedroom_modern_65.jpg,bedroom,4.5,train
living_room/scandinavian/living_room_scandinavian_96.jpg,living room,4.0,train
living_room/boho/living_room_boho_1.jpg,living room,3.2,train
kitchen/modern/kitchen_modern_30.jpg,kitchen,4.5,train
bathroom/modern/bathroom_modern_25.jpg,bathroom,4.5,train
living_room/scandinavian/living_room_scandinavian_100.jpg,living room,4.0,train
bathroom/scandinavian/bathroom_scandinavian_110.jpg,bathroom,4.0,train
kitchen/minimalist/kitchen_minimalist_39.jpg,kitchen,3.5,train
bathroom/minimalist/bathroom_minimalist_156.jpg,bathroom,3.5,train
kitchen/industrial/kitchen_industrial_93.jpg,kitchen,3.0,train
kitchen/boho/kitchen_boho_351.jpg,kitchen,3.2,train
kitchen/scandinavian/kitchen_scandinavian_125.jpg,kitchen,4.0,train
kitchen/modern/kitchen_modern_193.jpg,kitchen,4.5,train
living_room/minimalist/living_room_minimalist_50.jpg,living room,3.5,train
living_room/scandinavian/living_room_scandinavian_93.jpg,living room,4.0,train
kitchen/industrial/kitchen_industrial_190.jpg,kitchen,3.0,train
living_room/boho/living_room_boho_42.jpg,living room,3.2,train
bedroom/modern/bedroom_modern_40.jpg,bedroom,4.5,train
bedroom/minimalist/bedroom_minimalist_150.jpg,bedroom,3.5,train
bathroom/minimalist/bathroom_minimalist_81.jpg,bathroom,3.5,train
bathroom/minimalist/bathroom_minimalist_145.jpg,bathroom,3.5,train
living_room/industrial/living_room_industrial_12.jpg,living room,3.0,train
bedroom/industrial/bedroom_industrial_48.jpg,bedroom,3.0,train
bathroom/minimalist/bathroom_minimalist_90.jpg,bathroom,3.5,train
bathroom/modern/bathroom_modern_125.jpg,bathroom,4.5,train
living_room/boho/living_room_boho_80.jpg,living room,3.2,train
bedroom/scandinavian/bedroom_scandinavian_139.jpg,bedroom,4.0,train
living_room/modern/living_room_modern_229.jpg,living room,4.5,train
bathroom/boho/bathroom_boho_91.jpg,bathroom,3.2,train
kitchen/industrial/kitchen_industrial_295.jpg,kitchen,3.0,train
kitchen/scandinavian/kitchen_scandinavian_138.jpg,kitchen,4.0,train
bathroom/minimalist/bathroom_minimalist_122.jpg,bathroom,3.5,train
living_room/industrial/living_room_industrial_19.jpg,living room,3.0,train
bedroom/boho/bedroom_boho_11.jpg,bedroom,3.2,train
living_room/industrial/living_room_industrial_111.jpg,living room,3.0,train
bedroom/industrial/bedroom_industrial_107.jpg,bedroom,3.0,train
bathroom/industrial/bathroom_industrial_58.jpg,bathroom,3.0,train
kitchen/industrial/kitchen_industrial_229.jpg,kitchen,3.0,train
bathroom/minimalist/bathroom_minimalist_128.jpg,bathroom,3.5,train
kitchen/industrial/kitchen_industrial_177.jpg,kitchen,3.0,train
bathroom/industrial/bathroom_industrial_16.jpg,bathroom,3.0,train
bedroom/modern/bedroom_modern_107.jpg,bedroom,4.5,train
bedroom/boho/bedroom_boho_90.jpg,bedroom,3.2,train
bathroom/scandinavian/bathroom_scandinavian_14.jpg,bathroom,4.0,train
bedroom/industrial/bedroom_industrial_115.jpg,bedroom,3.0,train
living_room/boho/living_room_boho_165.jpg,living room,3.2,train
bedroom/minimalist/bedroom_minimalist_61.jpg,bedroom,3.5,train
kitchen/boho/kitchen_boho_135.jpg,kitchen,3.2,train
bedroom/industrial/bedroom_industrial_20.jpg,bedroom,3.0,train
living_room/modern/living_room_modern_287.jpg,living room,4.5,train
bedroom/industrial/bedroom_industrial_151.jpg,bedroom,3.0,train
bedroom/minimalist/bedroom_minimalist_11.jpg,bedroom,3.5,train
kitchen/minimalist/kitchen_minimalist_2.jpg,kitchen,3.5,train
living_room/minimalist/living_room_minimalist_141.jpg,living room,3.5,train
living_room/minimalist/living_room_minimalist_121.jpg,living room,3.5,train
kitchen/industrial/kitchen_industrial_88.jpg,kitchen,3.0,train
kitchen/boho/kitchen_boho_377.jpg,kitchen,3.2,train
kitchen/scandinavian/kitchen_scandinavian_149.jpg,kitchen,4.0,train
kitchen/scandinavian/kitchen_scandinavian_140.jpg,kitchen,4.0,train
bathroom/industrial/bathroom_industrial_9.jpg,bathroom,3.0,train
living_room/scandinavian/living_room_scandinavian_121.jpg,living room,4.0,train
bathroom/modern/bathroom_modern_81.jpg,bathroom,4.5,train
kitchen/boho/kitchen_boho_239.jpg,kitchen,3.2,train
kitchen/industrial/kitchen_industrial_266.jpg,kitchen,3.0,train
living_room/scandinavian/living_room_scandinavian_109.jpg,living room,4.0,train
bathroom/industrial/bathroom_industrial_8.jpg,bathroom,3.0,train
kitchen/modern/kitchen_modern_23.jpg,kitchen,4.5,train
kitchen/boho/kitchen_boho_232.jpg,kitchen,3.2,train
bedroom/minimalist/bedroom_minimalist_180.jpg,bedroom,3.5,train
living_room/boho/living_room_boho_76.jpg,living room,3.2,train
bedroom/modern/bedroom_modern_165.jpg,bedroom,4.5,train
living_room/modern/living_room_modern_40.jpg,living room,4.5,train
bedroom/minimalist/bedroom_minimalist_177.jpg,bedroom,3.5,train
bathroom/minimalist/bathroom_minimalist_34.jpg,bathroom,3.5,train
living_room/industrial/living_room_industrial_127.jpg,living room,3.0,train
living_room/scandinavian/living_room_scandinavian_103.jpg,living room,4.0,train
living_room/industrial/living_room_industrial_137.jpg,living room,3.0,train
bathroom/modern/bathroom_modern_1.jpg,bathroom,4.5,train
bedroom/industrial/bedroom_industrial_201.jpg,bedroom,3.0,train
living_room/modern/living_room_modern_264.jpg,living room,4.5,train
bedroom/industrial/bedroom_industrial_39.jpg,bedroom,3.0,train
living_room/minimalist/living_room_minimalist_136.jpg,living room,3.5,train
bathroom/boho/bathroom_boho_96.jpg,bathroom,3.2,train
living_room/minimalist/living_room_minimalist_154.jpg,living room,3.5,train
kitchen/modern/kitchen_modern_17.jpg,kitchen,4.5,train
bathroom/modern/bathroom_modern_19.jpg,bathroom,4.5,train
kitchen/minimalist/kitchen_minimalist_116.jpg,kitchen,3.5,train
bedroom/scandinavian/bedroom_scandinavian_85.jpg,bedroom,4.0,train
bedroom/modern/bedroom_modern_77.jpg,bedroom,4.5,train
kitchen/modern/kitchen_modern_206.jpg,kitchen,4.5,train
living_room/minimalist/living_room_minimalist_61.jpg,living room,3.5,train
kitchen/modern/kitchen_modern_350.jpg,kitchen,4.5,train
living_room/industrial/living_room_industrial_47.jpg,living room,3.0,train
living_room/minimalist/living_room_minimalist_0.jpg,living room,3.5,train
bathroom/industrial/bathroom_industrial_111.jpg,bathroom,3.0,train
kitchen/scandinavian/kitchen_scandinavian_69.jpg,kitchen,4.0,train
bathroom/minimalist/bathroom_minimalist_110.jpg,bathroom,3.5,train
kitchen/boho/kitchen_boho_173.jpg,kitchen,3.2,train
living_room/modern/living_room_modern_78.jpg,living room,4.5,train
bedroom/boho/bedroom_boho_106.jpg,bedroom,3.2,train
living_room/boho/living_room_boho_137.jpg,living room,3.2,train
bathroom/boho/bathroom_boho_21.jpg,bathroom,3.2,train
bedroom/boho/bedroom_boho_75.jpg,bedroom,3.2,train
kitchen/boho/kitchen_boho_58.jpg,kitchen,3.2,train
living_room/scandinavian/living_room_scandinavian_105.jpg,living room,4.0,train
living_room/scandinavian/living_room_scandinavian_75.jpg,living room,4.0,train
kitchen/modern/kitchen_modern_98.jpg,kitchen,4.5,train
bedroom/industrial/bedroom_industrial_178.jpg,bedroom,3.0,train
kitchen/boho/kitchen_boho_29.jpg,kitchen,3.2,train
living_room/scandinavian/living_room_scandinavian_128.jpg,living room,4.0,train
living_room/modern/living_room_modern_48.jpg,living room,4.5,train
living_room/industrial/living_room_industrial_157.jpg,living room,3.0,train
kitchen/boho/kitchen_boho_30.jpg,kitchen,3.2,train
kitchen/industrial/kitchen_industrial_191.jpg,kitchen,3.0,train
living_room/boho/living_room_boho_92.jpg,living room,3.2,train
bedroom/modern/bedroom_modern_122.jpg,bedroom,4.5,train
bedroom/modern/bedroom_modern_128.jpg,bedroom,4.5,train
living_room/boho/living_room_boho_32.jpg,living room,3.2,train
kitchen/minimalist/kitchen_minimalist_172.jpg,kitchen,3.5,train
bathroom/modern/bathroom_modern_17.jpg,bathroom,4.5,train
kitchen/boho/kitchen_boho_257.jpg,kitchen,3.2,train
kitchen/industrial/kitchen_industrial_60.jpg,kitchen,3.0,train
living_room/modern/living_room_modern_277.jpg,living room,4.5,train
kitchen/boho/kitchen_boho_224.jpg,kitchen,3.2,train
kitchen/scandinavian/kitchen_scandinavian_117.jpg,kitchen,4.0,train
bedroom/industrial/bedroom_industrial_142.jpg,bedroom,3.0,train
living_room/modern/living_room_modern_202.jpg,living room,4.5,train
kitchen/modern/kitchen_modern_91.jpg,kitchen,4.5,train
bedroom/modern/bedroom_modern_154.jpg,bedroom,4.5,train
kitchen/minimalist/kitchen_minimalist_160.jpg,kitchen,3.5,train
living_room/industrial/living_room_industrial_86.jpg,living room,3.0,train
bedroom/industrial/bedroom_industrial_23.jpg,bedroom,3.0,train
bedroom/boho/bedroom_boho_119.jpg,bedroom,3.2,train
kitchen/boho/kitchen_boho_269.jpg,kitchen,3.2,train
kitchen/minimalist/kitchen_minimalist_5.jpg,kitchen,3.5,train
bedroom/scandinavian/bedroom_scandinavian_88.jpg,bedroom,4.0,train
living_room/boho/living_room_boho_135.jpg,living room,3.2,train
kitchen/modern/kitchen_modern_184.jpg,kitchen,4.5,train
living_room/modern/living_room_modern_284.jpg,living room,4.5,train
kitchen/minimalist/kitchen_minimalist_180.jpg,kitchen,3.5,train
kitchen/boho/kitchen_boho_338.jpg,kitchen,3.2,train
living_room/boho/living_room_boho_25.jpg,living room,3.2,train
living_room/minimalist/living_room_minimalist_185.jpg,living room,3.5,train
kitchen/modern/kitchen_modern_79.jpg,kitchen,4.5,train
living_room/scandinavian/living_room_scandinavian_99.jpg,living room,4.0,train
kitchen/modern/kitchen_modern_238.jpg,kitchen,4.5,train
living_room/boho/living_room_boho_102.jpg,living room,3.2,train
kitchen/modern/kitchen_modern_178.jpg,kitchen,4.5,train
bedroom/minimalist/bedroom_minimalist_42.jpg,bedroom,3.5,train
bathroom/industrial/bathroom_industrial_6.jpg,bathroom,3.0,train
kitchen/minimalist/kitchen_minimalist_112.jpg,kitchen,3.5,train
kitchen/modern/kitchen_modern_128.jpg,kitchen,4.5,train
bathroom/minimalist/bathroom_minimalist_112.jpg,bathroom,3.5,train
kitchen/boho/kitchen_boho_394.jpg,kitchen,3.2,train
bedroom/boho/bedroom_boho_110.jpg,bedroom,3.2,train
living_room/boho/living_room_boho_125.jpg,living room,3.2,train
bedroom/scandinavian/bedroom_scandinavian_15.jpg,bedroom,4.0,train
kitchen/boho/kitchen_boho_258.jpg,kitchen,3.2,train
bedroom/boho/bedroom_boho_122.jpg,bedroom,3.2,train
kitchen/industrial/kitchen_industrial_284.jpg,kitchen,3.0,train
bathroom/boho/bathroom_boho_98.jpg,bathroom,3.2,train
kitchen/boho/kitchen_boho_87.jpg,kitchen,3.2,train
kitchen/minimalist/kitchen_minimalist_128.jpg,kitchen,3.5,train
kitchen/minimalist/kitchen_minimalist_86.jpg,kitchen,3.5,train
bathroom/minimalist/bathroom_minimalist_150.jpg,bathroom,3.5,train
bathroom/minimalist/bathroom_minimalist_16.jpg,bathroom,3.5,train
bathroom/scandinavian/bathroom_scandinavian_11.jpg,bathroom,4.0,train
bedroom/scandinavian/bedroom_scandinavian_143.jpg,bedroom,4.0,train
kitchen/modern/kitchen_modern_229.jpg,kitchen,4.5,train
bedroom/industrial/bedroom_industrial_88.jpg,bedroom,3.0,train
bathroom/scandinavian/bathroom_scandinavian_102.jpg,bathroom,4.0,train
kitchen/boho/kitchen_boho_449.jpg,kitchen,3.2,train
kitchen/minimalist/kitchen_minimalist_104.jpg,kitchen,3.5,train
bedroom/boho/bedroom_boho_128.jpg,bedroom,3.2,train
kitchen/boho/kitchen_boho_140.jpg,kitchen,3.2,train
kitchen/boho/kitchen_boho_253.jpg,kitchen,3.2,train
kitchen/boho/kitchen_boho_76.jpg,kitchen,3.2,train
kitchen/boho/kitchen_boho_176.jpg,kitchen,3.2,train
living_room/industrial/living_room_industrial_14.jpg,living room,3.0,train
bedroom/boho/bedroom_boho_89.jpg,bedroom,3.2,train
bathroom/minimalist/bathroom_minimalist_166.jpg,bathroom,3.5,train
bedroom/industrial/bedroom_industrial_145.jpg,bedroom,3.0,train
bedroom/industrial/bedroom_industrial_60.jpg,bedroom,3.0,train
kitchen/boho/kitchen_boho_61.jpg,kitchen,3.2,train
living_room/modern/living_room_modern_37.jpg,living room,4.5,train
bathroom/minimalist/bathroom_minimalist_108.jpg,bathroom,3.5,train
bathroom/modern/bathroom_modern_77.jpg,bathroom,4.5,train
living_room/industrial/living_room_industrial_197.jpg,living room,3.0,train
bedroom/boho/bedroom_boho_80.jpg,bedroom,3.2,train
bathroom/modern/bathroom_modern_27.jpg,bathroom,4.5,train
bedroom/scandinavian/bedroom_scandinavian_33.jpg,bedroom,4.0,train
bedroom/boho/bedroom_boho_38.jpg,bedroom,3.2,train
bedroom/minimalist/bedroom_minimalist_79.jpg,bedroom,3.5,train
living_room/modern/living_room_modern_250.jpg,living room,4.5,train
living_room/boho/living_room_boho_66.jpg,living room,3.2,train
living_room/industrial/living_room_industrial_34.jpg,living room,3.0,train
bathroom/boho/bathroom_boho_28.jpg,bathroom,3.2,train
bedroom/industrial/bedroom_industrial_33.jpg,bedroom,3.0,train
kitchen/minimalist/kitchen_minimalist_30.jpg,kitchen,3.5,train
kitchen/modern/kitchen_modern_318.jpg,kitchen,4.5,train
kitchen/industrial/kitchen_industrial_105.jpg,kitchen,3.0,train
living_room/minimalist/living_room_minimalist_13.jpg,living room,3.5,train
living_room/modern/living_room_modern_185.jpg,living room,4.5,train
kitchen/modern/kitchen_modern_214.jpg,kitchen,4.5,train
kitchen/modern/kitchen_modern_369.jpg,kitchen,4.5,train
living_room/minimalist/living_room_minimalist_164.jpg,living room,3.5,train
living_room/modern/living_room_modern_210.jpg,living room,4.5,train
bathroom/industrial/bathroom_industrial_10.jpg,bathroom,3.0,train
kitchen/industrial/kitchen_industrial_221.jpg,kitchen,3.0,train
bedroom/minimalist/bedroom_minimalist_27.jpg,bedroom,3.5,train
bathroom/industrial/bathroom_industrial_75.jpg,bathroom,3.0,train
bedroom/boho/bedroom_boho_135.jpg,bedroom,3.2,train
bedroom/modern/bedroom_modern_12.jpg,bedroom,4.5,train
living_room/boho/living_room_boho_159.jpg,living room,3.2,train
living_room/modern/living_room_modern_138.jpg,living room,4.5,train
living_room/scandinavian/living_room_scandinavian_127.jpg,living room,4.0,train
bedroom/minimalist/bedroom_minimalist_75.jpg,bedroom,3.5,train
bathroom/scandinavian/bathroom_scandinavian_75.jpg,bathroom,4.0,train
living_room/minimalist/living_room_minimalist_35.jpg,living room,3.5,train
kitchen/modern/kitchen_modern_169.jpg,kitchen,4.5,train
living_room/modern/living_room_modern_105.jpg,living room,4.5,train
living_room/industrial/living_room_industrial_24.jpg,living room,3.0,train
kitchen/boho/kitchen_boho_5.jpg,kitchen,3.2,train
kitchen/modern/kitchen_modern_316.jpg,kitchen,4.5,train
living_room/industrial/living_room_industrial_121.jpg,living room,3.0,train
bathroom/industrial/bathroom_industrial_73.jpg,bathroom,3.0,train
living_room/industrial/living_room_industrial_149.jpg,living room,3.0,train
kitchen/minimalist/kitchen_minimalist_58.jpg,kitchen,3.5,train
living_room/minimalist/living_room_minimalist_70.jpg,living room,3.5,train
bathroom/modern/bathroom_modern_113.jpg,bathroom,4.5,train
living_room/modern/living_room_modern_46.jpg,living room,4.5,train
living_room/scandinavian/living_room_scandinavian_53.jpg,living room,4.0,train
bedroom/modern/bedroom_modern_26.jpg,bedroom,4.5,train
bedroom/boho/bedroom_boho_139.jpg,bedroom,3.2,train
bedroom/scandinavian/bedroom_scandinavian_137.jpg,bedroom,4.0,train
kitchen/boho/kitchen_boho_201.jpg,kitchen,3.2,train
kitchen/modern/kitchen_modern_287.jpg,kitchen,4.5,train
bedroom/minimalist/bedroom_minimalist_59.jpg,bedroom,3.5,train
kitchen/modern/kitchen_modern_16.jpg,kitchen,4.5,train
living_room/modern/living_room_modern_251.jpg,living room,4.5,train
kitchen/modern/kitchen_modern_9.jpg,kitchen,4.5,train
kitchen/boho/kitchen_boho_47.jpg,kitchen,3.2,train
kitchen/scandinavian/kitchen_scandinavian_0.jpg,kitchen,4.0,train
living_room/boho/living_room_boho_29.jpg,living room,3.2,train
living_room/boho/living_room_boho_44.jpg,living room,3.2,train
bedroom/scandinavian/bedroom_scandinavian_38.jpg,bedroom,4.0,train
kitchen/industrial/kitchen_industrial_141.jpg,kitchen,3.0,train
bathroom/modern/bathroom_modern_29.jpg,bathroom,4.5,train
bedroom/industrial/bedroom_industrial_118.jpg,bedroom,3.0,train
living_room/modern/living_room_modern_244.jpg,living room,4.5,train
kitchen/boho/kitchen_boho_234.jpg,kitchen,3.2,train
bathroom/scandinavian/bathroom_scandinavian_24.jpg,bathroom,4.0,train
living_room/minimalist/living_room_minimalist_117.jpg,living room,3.5,train
living_room/modern/living_room_modern_174.jpg,living room,4.5,train
kitchen/industrial/kitchen_industrial_42.jpg,kitchen,3.0,train
bedroom/modern/bedroom_modern_75.jpg,bedroom,4.5,train
bedroom/modern/bedroom_modern_110.jpg,bedroom,4.5,train
kitchen/boho/kitchen_boho_453.jpg,kitchen,3.2,train
bathroom/minimalist/bathroom_minimalist_163.jpg,bathroom,3.5,train
living_room/boho/living_room_boho_180.jpg,living room,3.2,train
living_room/scandinavian/living_room_scandinavian_148.jpg,living room,4.0,train
kitchen/minimalist/kitchen_minimalist_161.jpg,kitchen,3.5,train
kitchen/industrial/kitchen_industrial_9.jpg,kitchen,3.0,train
kitchen/minimalist/kitchen_minimalist_89.jpg,kitchen,3.5,train
kitchen/boho/kitchen_boho_428.jpg,kitchen,3.2,train
kitchen/industrial/kitchen_industrial_151.jpg,kitchen,3.0,train
kitchen/minimalist/kitchen_minimalist_25.jpg,kitchen,3.5,train
living_room/minimalist/living_room_minimalist_127.jpg,living room,3.5,train
bedroom/modern/bedroom_modern_118.jpg,bedroom,4.5,train
kitchen/industrial/kitchen_industrial_73.jpg,kitchen,3.0,train
kitchen/modern/kitchen_modern_102.jpg,kitchen,4.5,train
kitchen/modern/kitchen_modern_277.jpg,kitchen,4.5,train
bedroom/boho/bedroom_boho_72.jpg,bedroom,3.2,train
kitchen/modern/kitchen_modern_263.jpg,kitchen,4.5,train
kitchen/modern/kitchen_modern_370.jpg,kitchen,4.5,train
bedroom/modern/bedroom_modern_95.jpg,bedroom,4.5,train
bathroom/scandinavian/bathroom_scandinavian_93.jpg,bathroom,4.0,train
kitchen/modern/kitchen_modern_176.jpg,kitchen,4.5,train
bedroom/boho/bedroom_boho_114.jpg,bedroom,3.2,train
living_room/minimalist/living_room_minimalist_71.jpg,living room,3.5,train
kitchen/boho/kitchen_boho_102.jpg,kitchen,3.2,train
bathroom/minimalist/bathroom_minimalist_63.jpg,bathroom,3.5,train
bathroom/boho/bathroom_boho_27.jpg,bathroom,3.2,train
living_room/minimalist/living_room_minimalist_57.jpg,living room,3.5,train
bedroom/modern/bedroom_modern_163.jpg,bedroom,4.5,train
living_room/boho/living_room_boho_72.jpg,living room,3.2,train
bedroom/scandinavian/bedroom_scandinavian_94.jpg,bedroom,4.0,train
kitchen/scandinavian/kitchen_scandinavian_12.jpg,kitchen,4.0,train
living_room/minimalist/living_room_minimalist_19.jpg,living room,3.5,train
bedroom/boho/bedroom_boho_50.jpg,bedroom,3.2,train
living_room/boho/living_room_boho_145.jpg,living room,3.2,train
bathroom/minimalist/bathroom_minimalist_1.jpg,bathroom,3.5,train
living_room/minimalist/living_room_minimalist_1.jpg,living room,3.5,train
kitchen/boho/kitchen_boho_70.jpg,kitchen,3.2,train
living_room/industrial/living_room_industrial_30.jpg,living room,3.0,train
bedroom/modern/bedroom_modern_166.jpg,bedroom,4.5,train
kitchen/industrial/kitchen_industrial_62.jpg,kitchen,3.0,train
bathroom/scandinavian/bathroom_scandinavian_99.jpg,bathroom,4.0,train
kitchen/modern/kitchen_modern_183.jpg,kitchen,4.5,train
living_room/modern/living_room_modern_111.jpg,living room,4.5,train
bathroom/industrial/bathroom_industrial_42.jpg,bathroom,3.0,train
kitchen/modern/kitchen_modern_112.jpg,kitchen,4.5,train
bedroom/industrial/bedroom_industrial_146.jpg,bedroom,3.0,train
bedroom/industrial/bedroom_industrial_149.jpg,bedroom,3.0,train
kitchen/boho/kitchen_boho_209.jpg,kitchen,3.2,train
kitchen/modern/kitchen_modern_226.jpg,kitchen,4.5,train
bedroom/modern/bedroom_modern_200.jpg,bedroom,4.5,train
living_room/scandinavian/living_room_scandinavian_89.jpg,living room,4.0,train
kitchen/modern/kitchen_modern_11.jpg,kitchen,4.5,train
bedroom/modern/bedroom_modern_182.jpg,bedroom,4.5,train
kitchen/boho/kitchen_boho_54.jpg,kitchen,3.2,train
living_room/minimalist/living_room_minimalist_33.jpg,living room,3.5,train
living_room/minimalist/living_room_minimalist_41.jpg,living room,3.5,train
kitchen/modern/kitchen_modern_182.jpg,kitchen,4.5,train
kitchen/scandinavian/kitchen_scandinavian_93.jpg,kitchen,4.0,train
kitchen/boho/kitchen_boho_179.jpg,kitchen,3.2,train
bedroom/scandinavian/bedroom_scandinavian_151.jpg,bedroom,4.0,train
kitchen/industrial/kitchen_industrial_112.jpg,kitchen,3.0,train
kitchen/modern/kitchen_modern_367.jpg,kitchen,4.5,train
living_room/modern/living_room_modern_167.jpg,living room,4.5,train
bathroom/modern/bathroom_modern_124.jpg,bathroom,4.5,train
bedroom/modern/bedroom_modern_187.jpg,bedroom,4.5,train
living_room/modern/living_room_modern_47.jpg,living room,4.5,train
kitchen/boho/kitchen_boho_356.jpg,kitchen,3.2,train
kitchen/industrial/kitchen_industrial_129.jpg,kitchen,3.0,train
kitchen/industrial/kitchen_industrial_72.jpg,kitchen,3.0,train
kitchen/boho/kitchen_boho_181.jpg,kitchen,3.2,train
living_room/minimalist/living_room_minimalist_196.jpg,living room,3.5,train
living_room/scandinavian/living_room_scandinavian_0.jpg,living room,4.0,train
kitchen/boho/kitchen_boho_313.jpg,kitchen,3.2,train
bathroom/boho/bathroom_boho_0.jpg,bathroom,3.2,train
bedroom/scandinavian/bedroom_scandinavian_50.jpg,bedroom,4.0,train
bathroom/industrial/bathroom_industrial_127.jpg,bathroom,3.0,train
bedroom/industrial/bedroom_industrial_139.jpg,bedroom,3.0,train
kitchen/minimalist/kitchen_minimalist_51.jpg,kitchen,3.5,train
kitchen/minimalist/kitchen_minimalist_102.jpg,kitchen,3.5,train
kitchen/industrial/kitchen_industrial_24.jpg,kitchen,3.0,train
kitchen/industrial/kitchen_industrial_78.jpg,kitchen,3.0,train
bathroom/minimalist/bathroom_minimalist_96.jpg,bathroom,3.5,train
living_room/boho/living_room_boho_6.jpg,living room,3.2,train
kitchen/boho/kitchen_boho_145.jpg,kitchen,3.2,train
kitchen/boho/kitchen_boho_308.jpg,kitchen,3.2,train
living_room/modern/living_room_modern_296.jpg,living room,4.5,train
bathroom/scandinavian/bathroom_scandinavian_8.jpg,bathroom,4.0,train
kitchen/modern/kitchen_modern_380.jpg,kitchen,4.5,train
living_room/modern/living_room_modern_63.jpg,living room,4.5,train
kitchen/minimalist/kitchen_minimalist_107.jpg,kitchen,3.5,train
kitchen/boho/kitchen_boho_469.jpg,kitchen,3.2,train
kitchen/minimalist/kitchen_minimalist_109.jpg,kitchen,3.5,train
bedroom/industrial/bedroom_industrial_136.jpg,bedroom,3.0,train
bedroom/scandinavian/bedroom_scandinavian_136.jpg,bedroom,4.0,train
kitchen/boho/kitchen_boho_392.jpg,kitchen,3.2,train
living_room/minimalist/living_room_minimalist_153.jpg,living room,3.5,train
living_room/modern/living_room_modern_260.jpg,living room,4.5,train
kitchen/scandinavian/kitchen_scandinavian_73.jpg,kitchen,4.0,train
living_room/industrial/living_room_industrial_105.jpg,living room,3.0,train
living_room/minimalist/living_room_minimalist_89.jpg,living room,3.5,train
living_room/modern/living_room_modern_32.jpg,living room,4.5,train
kitchen/industrial/kitchen_industrial_53.jpg,kitchen,3.0,train
bathroom/scandinavian/bathroom_scandinavian_83.jpg,bathroom,4.0,train
living_room/modern/living_room_modern_77.jpg,living room,4.5,train
bathroom/industrial/bathroom_industrial_61.jpg,bathroom,3.0,train
kitchen/modern/kitchen_modern_216.jpg,kitchen,4.5,train
kitchen/boho/kitchen_boho_236.jpg,kitchen,3.2,train
kitchen/minimalist/kitchen_minimalist_29.jpg,kitchen,3.5,train
bathroom/modern/bathroom_modern_30.jpg,bathroom,4.5,train
kitchen/boho/kitchen_boho_327.jpg,kitchen,3.2,train
living_room/industrial/living_room_industrial_181.jpg,living room,3.0,train
living_room/industrial/living_room_industrial_122.jpg,living room,3.0,train
kitchen/boho/kitchen_boho_159.jpg,kitchen,3.2,train
living_room/boho/living_room_boho_47.jpg,living room,3.2,train
bathroom/minimalist/bathroom_minimalist_67.jpg,bathroom,3.5,train
bedroom/modern/bedroom_modern_96.jpg,bedroom,4.5,train
kitchen/boho/kitchen_boho_177.jpg,kitchen,3.2,train
kitchen/industrial/kitchen_industrial_66.jpg,kitchen,3.0,train
living_room/boho/living_room_boho_170.jpg,living room,3.2,train
bathroom/scandinavian/bathroom_scandinavian_59.jpg,bathroom,4.0,train
bedroom/scandinavian/bedroom_scandinavian_12.jpg,bedroom,4.0,train
bedroom/modern/bedroom_modern_38.jpg,bedroom,4.5,train
living_room/modern/living_room_modern_16.jpg,living room,4.5,train
bedroom/industrial/bedroom_industrial_150.jpg,bedroom,3.0,train
bathroom/minimalist/bathroom_minimalist_144.jpg,bathroom,3.5,train
bathroom/minimalist/bathroom_minimalist_89.jpg,bathroom,3.5,train
living_room/minimalist/living_room_minimalist_125.jpg,living room,3.5,train
bedroom/industrial/bedroom_industrial_105.jpg,bedroom,3.0,train
kitchen/modern/kitchen_modern_115.jpg,kitchen,4.5,train
bathroom/industrial/bathroom_industrial_37.jpg,bathroom,3.0,train
living_room/modern/living_room_modern_86.jpg,living room,4.5,train
living_room/boho/living_room_boho_58.jpg,living room,3.2,train
living_room/scandinavian/living_room_scandinavian_64.jpg,living room,4.0,train
bathroom/boho/bathroom_boho_13.jpg,bathroom,3.2,train
kitchen/boho/kitchen_boho_397.jpg,kitchen,3.2,train
bedroom/industrial/bedroom_industrial_31.jpg,bedroom,3.0,train
living_room/scandinavian/living_room_scandinavian_160.jpg,living room,4.0,train
bathroom/industrial/bathroom_industrial_88.jpg,bathroom,3.0,train
living_room/minimalist/living_room_minimalist_148.jpg,living room,3.5,train
bathroom/boho/bathroom_boho_77.jpg,bathroom,3.2,train
bathroom/boho/bathroom_boho_18.jpg,bathroom,3.2,train
kitchen/boho/kitchen_boho_149.jpg,kitchen,3.2,train
bedroom/minimalist/bedroom_minimalist_141.jpg,bedroom,3.5,train
living_room/minimalist/living_room_minimalist_60.jpg,living room,3.5,train
kitchen/boho/kitchen_boho_393.jpg,kitchen,3.2,train
living_room/boho/living_room_boho_142.jpg,living room,3.2,train
bathroom/minimalist/bathroom_minimalist_6.jpg,bathroom,3.5,train
living_room/scandinavian/living_room_scandinavian_76.jpg,living room,4.0,train
living_room/modern/living_room_modern_258.jpg,living room,4.5,train
kitchen/modern/kitchen_modern_99.jpg,kitchen,4.5,train
bedroom/minimalist/bedroom_minimalist_52.jpg,bedroom,3.5,train
kitchen/modern/kitchen_modern_72.jpg,kitchen,4.5,train
bathroom/boho/bathroom_boho_30.jpg,bathroom,3.2,train
kitchen/boho/kitchen_boho_342.jpg,kitchen,3.2,train
living_room/minimalist/living_room_minimalist_58.jpg,living room,3.5,train
kitchen/modern/kitchen_modern_129.jpg,kitchen,4.5,train
bedroom/scandinavian/bedroom_scandinavian_71.jpg,bedroom,4.0,train
kitchen/boho/kitchen_boho_417.jpg,kitchen,3.2,train
kitchen/industrial/kitchen_industrial_180.jpg,kitchen,3.0,train
living_room/modern/living_room_modern_84.jpg,living room,4.5,train
bedroom/modern/bedroom_modern_119.jpg,bedroom,4.5,train
bedroom/modern/bedroom_modern_189.jpg,bedroom,4.5,train
living_room/modern/living_room_modern_74.jpg,living room,4.5,train
bathroom/industrial/bathroom_industrial_94.jpg,bathroom,3.0,train
kitchen/modern/kitchen_modern_87.jpg,kitchen,4.5,train
bathroom/industrial/bathroom_industrial_60.jpg,bathroom,3.0,train
living_room/modern/living_room_modern_76.jpg,living room,4.5,train
bedroom/modern/bedroom_modern_8.jpg,bedroom,4.5,train
living_room/scandinavian/living_room_scandinavian_134.jpg,living room,4.0,train
kitchen/modern/kitchen_modern_146.jpg,kitchen,4.5,train
kitchen/scandinavian/kitchen_scandinavian_121.jpg,kitchen,4.0,train
bedroom/industrial/bedroom_industrial_159.jpg,bedroom,3.0,train
bathroom/industrial/bathroom_industrial_19.jpg,bathroom,3.0,train
kitchen/scandinavian/kitchen_scandinavian_128.jpg,kitchen,4.0,train
kitchen/modern/kitchen_modern_279.jpg,kitchen,4.5,train
bedroom/minimalist/bedroom_minimalist_67.jpg,bedroom,3.5,train
bedroom/minimalist/bedroom_minimalist_64.jpg,bedroom,3.5,train
kitchen/scandinavian/kitchen_scandinavian_58.jpg,kitchen,4.0,train
bathroom/scandinavian/bathroom_scandinavian_70.jpg,bathroom,4.0,train
living_room/modern/living_room_modern_252.jpg,living room,4.5,train
kitchen/boho/kitchen_boho_45.jpg,kitchen,3.2,train
kitchen/minimalist/kitchen_minimalist_26.jpg,kitchen,3.5,train
kitchen/boho/kitchen_boho_344.jpg,kitchen,3.2,train
bedroom/minimalist/bedroom_minimalist_62.jpg,bedroom,3.5,train
bedroom/industrial/bedroom_industrial_185.jpg,bedroom,3.0,train
bedroom/modern/bedroom_modern_191.jpg,bedroom,4.5,train
kitchen/modern/kitchen_modern_199.jpg,kitchen,4.5,train
bedroom/industrial/bedroom_industrial_160.jpg,bedroom,3.0,train
living_room/industrial/living_room_industrial_3.jpg,living room,3.0,train
bedroom/modern/bedroom_modern_30.jpg,bedroom,4.5,train
kitchen/minimalist/kitchen_minimalist_38.jpg,kitchen,3.5,train
kitchen/boho/kitchen_boho_448.jpg,kitchen,3.2,train
bedroom/industrial/bedroom_industrial_12.jpg,bedroom,3.0,train
kitchen/scandinavian/kitchen_scandinavian_105.jpg,kitchen,4.0,train
kitchen/boho/kitchen_boho_413.jpg,kitchen,3.2,train
kitchen/boho/kitchen_boho_446.jpg,kitchen,3.2,train
bedroom/scandinavian/bedroom_scandinavian_24.jpg,bedroom,4.0,train
bedroom/boho/bedroom_boho_56.jpg,bedroom,3.2,train
kitchen/minimalist/kitchen_minimalist_60.jpg,kitchen,3.5,train
living_room/scandinavian/living_room_scandinavian_115.jpg,living room,4.0,train
living_room/minimalist/living_room_minimalist_115.jpg,living room,3.5,train
kitchen/modern/kitchen_modern_259.jpg,kitchen,4.5,train
kitchen/modern/kitchen_modern_329.jpg,kitchen,4.5,train
bathroom/minimalist/bathroom_minimalist_42.jpg,bathroom,3.5,train
living_room/scandinavian/living_room_scandinavian_25.jpg,living room,4.0,train
kitchen/boho/kitchen_boho_226.jpg,kitchen,3.2,train
living_room/industrial/living_room_industrial_146.jpg,living room,3.0,train
living_room/boho/living_room_boho_45.jpg,living room,3.2,train
kitchen/scandinavian/kitchen_scandinavian_86.jpg,kitchen,4.0,train
living_room/industrial/living_room_industrial_46.jpg,living room,3.0,train
bedroom/industrial/bedroom_industrial_190.jpg,bedroom,3.0,train
kitchen/boho/kitchen_boho_368.jpg,kitchen,3.2,train
bedroom/scandinavian/bedroom_scandinavian_149.jpg,bedroom,4.0,train
bathroom/industrial/bathroom_industrial_117.jpg,bathroom,3.0,train
kitchen/modern/kitchen_modern_212.jpg,kitchen,4.5,train
kitchen/boho/kitchen_boho_13.jpg,kitchen,3.2,train
living_room/industrial/living_room_industrial_112.jpg,living room,3.0,train
living_room/minimalist/living_room_minimalist_135.jpg,living room,3.5,train
living_room/modern/living_room_modern_132.jpg,living room,4.5,train
bedroom/scandinavian/bedroom_scandinavian_1.jpg,bedroom,4.0,train
living_room/industrial/living_room_industrial_50.jpg,living room,3.0,train
kitchen/boho/kitchen_boho_93.jpg,kitchen,3.2,train
bedroom/modern/bedroom_modern_58.jpg,bedroom,4.5,train
kitchen/boho/kitchen_boho_231.jpg,kitchen,3.2,train
living_room/boho/living_room_boho_26.jpg,living room,3.2,train
kitchen/minimalist/kitchen_minimalist_64.jpg,kitchen,3.5,train
kitchen/minimalist/kitchen_minimalist_121.jpg,kitchen,3.5,train
bedroom/modern/bedroom_modern_11.jpg,bedroom,4.5,train
bathroom/modern/bathroom_modern_122.jpg,bathroom,4.5,train
bathroom/industrial/bathroom_industrial_38.jpg,bathroom,3.0,train
bathroom/modern/bathroom_modern_57.jpg,bathroom,4.5,train
kitchen/minimalist/kitchen_minimalist_14.jpg,kitchen,3.5,train
bedroom/scandinavian/bedroom_scandinavian_104.jpg,bedroom,4.0,train
bathroom/scandinavian/bathroom_scandinavian_108.jpg,bathroom,4.0,train
bathroom/modern/bathroom_modern_91.jpg,bathroom,4.5,train
bedroom/minimalist/bedroom_minimalist_136.jpg,bedroom,3.5,train
kitchen/industrial/kitchen_industrial_245.jpg,kitchen,3.0,train
kitchen/industrial/kitchen_industrial_281.jpg,kitchen,3.0,train
kitchen/minimalist/kitchen_minimalist_124.jpg,kitchen,3.5,train
bedroom/scandinavian/bedroom_scandinavian_10.jpg,bedroom,4.0,train
living_room/modern/living_room_modern_149.jpg,living room,4.5,train
kitchen/industrial/kitchen_industrial_255.jpg,kitchen,3.0,train
bedroom/modern/bedroom_modern_136.jpg,bedroom,4.5,train
bathroom/modern/bathroom_modern_115.jpg,bathroom,4.5,train
kitchen/scandinavian/kitchen_scandinavian_100.jpg,kitchen,4.0,train
living_room/modern/living_room_modern_53.jpg,living room,4.5,train
bathroom/boho/bathroom_boho_14.jpg,bathroom,3.2,train
kitchen/boho/kitchen_boho_49.jpg,kitchen,3.2,train
living_room/industrial/living_room_industrial_198.jpg,living room,3.0,train
kitchen/scandinavian/kitchen_scandinavian_91.jpg,kitchen,4.0,train
kitchen/minimalist/kitchen_minimalist_20.jpg,kitchen,3.5,train
living_room/modern/living_room_modern_68.jpg,living room,4.5,train
bathroom/boho/bathroom_boho_26.jpg,bathroom,3.2,train
bathroom/boho/bathroom_boho_105.jpg,bathroom,3.2,train
bedroom/modern/bedroom_modern_87.jpg,bedroom,4.5,train
living_room/modern/living_room_modern_91.jpg,living room,4.5,train
living_room/minimalist/living_room_minimalist_144.jpg,living room,3.5,train
living_room/boho/living_room_boho_130.jpg,living room,3.2,train
bedroom/minimalist/bedroom_minimalist_168.jpg,bedroom,3.5,train
kitchen/modern/kitchen_modern_268.jpg,kitchen,4.5,train
bathroom/industrial/bathroom_industrial_18.jpg,bathroom,3.0,train
living_room/industrial/living_room_industrial_52.jpg,living room,3.0,train
kitchen/minimalist/kitchen_minimalist_72.jpg,kitchen,3.5,train
living_room/scandinavian/living_room_scandinavian_149.jpg,living room,4.0,train
living_room/industrial/living_room_industrial_1.jpg,living room,3.0,train
living_room/modern/living_room_modern_217.jpg,living room,4.5,train
bedroom/industrial/bedroom_industrial_117.jpg,bedroom,3.0,train
bathroom/minimalist/bathroom_minimalist_78.jpg,bathroom,3.5,train
bedroom/modern/bedroom_modern_67.jpg,bedroom,4.5,train
living_room/industrial/living_room_industrial_186.jpg,living room,3.0,train
kitchen/modern/kitchen_modern_162.jpg,kitchen,4.5,train
living_room/minimalist/living_room_minimalist_36.jpg,living room,3.5,train
kitchen/modern/kitchen_modern_282.jpg,kitchen,4.5,train
kitchen/boho/kitchen_boho_19.jpg,kitchen,3.2,train
living_room/modern/living_room_modern_113.jpg,living room,4.5,train
bathroom/modern/bathroom_modern_48.jpg,bathroom,4.5,train
living_room/boho/living_room_boho_108.jpg,living room,3.2,train
kitchen/boho/kitchen_boho_142.jpg,kitchen,3.2,train
bedroom/industrial/bedroom_industrial_57.jpg,bedroom,3.0,train
living_room/industrial/living_room_industrial_160.jpg,living room,3.0,train
bathroom/scandinavian/bathroom_scandinavian_18.jpg,bathroom,4.0,train
kitchen/industrial/kitchen_industrial_76.jpg,kitchen,3.0,train
kitchen/industrial/kitchen_industrial_183.jpg,kitchen,3.0,train
kitchen/scandinavian/kitchen_scandinavian_25.jpg,kitchen,4.0,train
kitchen/modern/kitchen_modern_290.jpg,kitchen,4.5,train
kitchen/boho/kitchen_boho_243.jpg,kitchen,3.2,train
living_room/scandinavian/living_room_scandinavian_167.jpg,living room,4.0,train
kitchen/industrial/kitchen_industrial_133.jpg,kitchen,3.0,train
bedroom/scandinavian/bedroom_scandinavian_61.jpg,bedroom,4.0,train
kitchen/industrial/kitchen_industrial_32.jpg,kitchen,3.0,train
living_room/modern/living_room_modern_80.jpg,living room,4.5,train
bedroom/industrial/bedroom_industrial_61.jpg,bedroom,3.0,train
kitchen/modern/kitchen_modern_314.jpg,kitchen,4.5,train
bedroom/modern/bedroom_modern_120.jpg,bedroom,4.5,train
living_room/modern/living_room_modern_79.jpg,living room,4.5,train
bathroom/industrial/bathroom_industrial_147.jpg,bathroom,3.0,train
kitchen/industrial/kitchen_industrial_182.jpg,kitchen,3.0,train
kitchen/industrial/kitchen_industrial_124.jpg,kitchen,3.0,train
kitchen/industrial/kitchen_industrial_15.jpg,kitchen,3.0,train
living_room/boho/living_room_boho_156.jpg,living room,3.2,train
bedroom/modern/bedroom_modern_60.jpg,bedroom,4.5,train
kitchen/modern/kitchen_modern_246.jpg,kitchen,4.5,train
bedroom/modern/bedroom_modern_29.jpg,bedroom,4.5,train
kitchen/minimalist/kitchen_minimalist_16.jpg,kitchen,3.5,train
living_room/modern/living_room_modern_55.jpg,living room,4.5,train
bathroom/boho/bathroom_boho_73.jpg,bathroom,3.2,train
living_room/modern/living_room_modern_175.jpg,living room,4.5,train
bedroom/minimalist/bedroom_minimalist_70.jpg,bedroom,3.5,train
kitchen/scandinavian/kitchen_scandinavian_85.jpg,kitchen,4.0,train
kitchen/industrial/kitchen_industrial_214.jpg,kitchen,3.0,train
kitchen/modern/kitchen_modern_103.jpg,kitchen,4.5,train
kitchen/boho/kitchen_boho_366.jpg,kitchen,3.2,train
living_room/boho/living_room_boho_7.jpg,living room,3.2,train
living_room/scandinavian/living_room_scandinavian_142.jpg,living room,4.0,train
bathroom/modern/bathroom_modern_54.jpg,bathroom,4.5,train
living_room/boho/living_room_boho_113.jpg,living room,3.2,train
kitchen/boho/kitchen_boho_50.jpg,kitchen,3.2,train
kitchen/boho/kitchen_boho_280.jpg,kitchen,3.2,train
living_room/minimalist/living_room_minimalist_120.jpg,living room,3.5,train
kitchen/industrial/kitchen_industrial_227.jpg,kitchen,3.0,train
kitchen/modern/kitchen_modern_261.jpg,kitchen,4.5,train
kitchen/scandinavian/kitchen_scandinavian_56.jpg,kitchen,4.0,train
kitchen/boho/kitchen_boho_401.jpg,kitchen,3.2,train
living_room/boho/living_room_boho_13.jpg,living room,3.2,train
living_room/industrial/living_room_industrial_39.jpg,living room,3.0,train
bathroom/scandinavian/bathroom_scandinavian_41.jpg,bathroom,4.0,train
living_room/modern/living_room_modern_226.jpg,living room,4.5,train
kitchen/modern/kitchen_modern_148.jpg,kitchen,4.5,train
kitchen/boho/kitchen_boho_124.jpg,kitchen,3.2,train
kitchen/industrial/kitchen_industrial_56.jpg,kitchen,3.0,train
living_room/minimalist/living_room_minimalist_175.jpg,living room,3.5,train
kitchen/modern/kitchen_modern_278.jpg,kitchen,4.5,train
kitchen/minimalist/kitchen_minimalist_34.jpg,kitchen,3.5,train
kitchen/industrial/kitchen_industrial_102.jpg,kitchen,3.0,train
bathroom/minimalist/bathroom_minimalist_28.jpg,bathroom,3.5,train
kitchen/boho/kitchen_boho_122.jpg,kitchen,3.2,train
bathroom/boho/bathroom_boho_86.jpg,bathroom,3.2,train
bedroom/industrial/bedroom_industrial_75.jpg,bedroom,3.0,train
kitchen/boho/kitchen_boho_456.jpg,kitchen,3.2,train
kitchen/industrial/kitchen_industrial_269.jpg,kitchen,3.0,train
living_room/boho/living_room_boho_19.jpg,living room,3.2,train
kitchen/modern/kitchen_modern_220.jpg,kitchen,4.5,train
living_room/minimalist/living_room_minimalist_170.jpg,living room,3.5,train
living_room/modern/living_room_modern_223.jpg,living room,4.5,train
bathroom/minimalist/bathroom_minimalist_95.jpg,bathroom,3.5,train
kitchen/boho/kitchen_boho_463.jpg,kitchen,3.2,train
living_room/minimalist/living_room_minimalist_24.jpg,living room,3.5,train
living_room/minimalist/living_room_minimalist_152.jpg,living room,3.5,train
kitchen/scandinavian/kitchen_scandinavian_37.jpg,kitchen,4.0,train
bathroom/scandinavian/bathroom_scandinavian_78.jpg,bathroom,4.0,train
kitchen/modern/kitchen_modern_330.jpg,kitchen,4.5,train
kitchen/minimalist/kitchen_minimalist_186.jpg,kitchen,3.5,train
bedroom/industrial/bedroom_industrial_50.jpg,bedroom,3.0,train
living_room/modern/living_room_modern_157.jpg,living room,4.5,train
kitchen/boho/kitchen_boho_219.jpg,kitchen,3.2,val
bathroom/industrial/bathroom_industrial_106.jpg,bathroom,3.0,val
bathroom/boho/bathroom_boho_83.jpg,bathroom,3.2,val
bathroom/industrial/bathroom_industrial_137.jpg,bathroom,3.0,val
bedroom/modern/bedroom_modern_31.jpg,bedroom,4.5,val
bedroom/industrial/bedroom_industrial_165.jpg,bedroom,3.0,val
living_room/modern/living_room_modern_50.jpg,living room,4.5,val
kitchen/boho/kitchen_boho_195.jpg,kitchen,3.2,val
living_room/boho/living_room_boho_126.jpg,living room,3.2,val
kitchen/minimalist/kitchen_minimalist_140.jpg,kitchen,3.5,val
bedroom/industrial/bedroom_industrial_171.jpg,bedroom,3.0,val
kitchen/boho/kitchen_boho_306.jpg,kitchen,3.2,val
kitchen/boho/kitchen_boho_433.jpg,kitchen,3.2,val
bedroom/modern/bedroom_modern_52.jpg,bedroom,4.5,val
bathroom/scandinavian/bathroom_scandinavian_46.jpg,bathroom,4.0,val
bedroom/boho/bedroom_boho_91.jpg,bedroom,3.2,val
living_room/scandinavian/living_room_scandinavian_162.jpg,living room,4.0,val
kitchen/industrial/kitchen_industrial_140.jpg,kitchen,3.0,val
bedroom/minimalist/bedroom_minimalist_113.jpg,bedroom,3.5,val
bathroom/boho/bathroom_boho_54.jpg,bathroom,3.2,val
living_room/modern/living_room_modern_159.jpg,living room,4.5,val
bedroom/boho/bedroom_boho_138.jpg,bedroom,3.2,val
living_room/minimalist/living_room_minimalist_34.jpg,living room,3.5,val
bathroom/minimalist/bathroom_minimalist_161.jpg,bathroom,3.5,val
living_room/modern/living_room_modern_279.jpg,living room,4.5,val
living_room/boho/living_room_boho_121.jpg,living room,3.2,val
kitchen/modern/kitchen_modern_364.jpg,kitchen,4.5,val
kitchen/boho/kitchen_boho_379.jpg,kitchen,3.2,val
kitchen/scandinavian/kitchen_scandinavian_84.jpg,kitchen,4.0,val
kitchen/minimalist/kitchen_minimalist_144.jpg,kitchen,3.5,val
bedroom/minimalist/bedroom_minimalist_96.jpg,bedroom,3.5,val
bedroom/industrial/bedroom_industrial_175.jpg,bedroom,3.0,val
living_room/minimalist/living_room_minimalist_81.jpg,living room,3.5,val
kitchen/boho/kitchen_boho_263.jpg,kitchen,3.2,val
bathroom/scandinavian/bathroom_scandinavian_62.jpg,bathroom,4.0,val
kitchen/scandinavian/kitchen_scandinavian_44.jpg,kitchen,4.0,val
living_room/minimalist/living_room_minimalist_76.jpg,living room,3.5,val
kitchen/industrial/kitchen_industrial_287.jpg,kitchen,3.0,val
kitchen/industrial/kitchen_industrial_244.jpg,kitchen,3.0,val
kitchen/industrial/kitchen_industrial_278.jpg,kitchen,3.0,val
bedroom/modern/bedroom_modern_100.jpg,bedroom,4.5,val
kitchen/boho/kitchen_boho_277.jpg,kitchen,3.2,val
kitchen/modern/kitchen_modern_18.jpg,kitchen,4.5,val
bedroom/scandinavian/bedroom_scandinavian_26.jpg,bedroom,4.0,val
bedroom/minimalist/bedroom_minimalist_18.jpg,bedroom,3.5,val
bedroom/scandinavian/bedroom_scandinavian_18.jpg,bedroom,4.0,val
living_room/minimalist/living_room_minimalist_83.jpg,living room,3.5,val
bathroom/industrial/bathroom_industrial_49.jpg,bathroom,3.0,val
bathroom/minimalist/bathroom_minimalist_102.jpg,bathroom,3.5,val
kitchen/boho/kitchen_boho_432.jpg,kitchen,3.2,val
living_room/minimalist/living_room_minimalist_163.jpg,living room,3.5,val
bedroom/modern/bedroom_modern_115.jpg,bedroom,4.5,val
living_room/modern/living_room_modern_56.jpg,living room,4.5,val
kitchen/minimalist/kitchen_minimalist_134.jpg,kitchen,3.5,val
living_room/modern/living_room_modern_106.jpg,living room,4.5,val
living_room/industrial/living_room_industrial_60.jpg,living room,3.0,val
living_room/industrial/living_room_industrial_133.jpg,living room,3.0,val
living_room/boho/living_room_boho_175.jpg,living room,3.2,val
bathroom/industrial/bathroom_industrial_41.jpg,bathroom,3.0,val
living_room/industrial/living_room_industrial_71.jpg,living room,3.0,val
kitchen/boho/kitchen_boho_190.jpg,kitchen,3.2,val
living_room/modern/living_room_modern_228.jpg,living room,4.5,val
bedroom/industrial/bedroom_industrial_163.jpg,bedroom,3.0,val
bedroom/minimalist/bedroom_minimalist_155.jpg,bedroom,3.5,val
kitchen/boho/kitchen_boho_275.jpg,kitchen,3.2,val
kitchen/minimalist/kitchen_minimalist_6.jpg,kitchen,3.5,val
bedroom/industrial/bedroom_industrial_123.jpg,bedroom,3.0,val
kitchen/boho/kitchen_boho_425.jpg,kitchen,3.2,val
kitchen/industrial/kitchen_industrial_126.jpg,kitchen,3.0,val
bedroom/scandinavian/bedroom_scandinavian_70.jpg,bedroom,4.0,val
living_room/modern/living_room_modern_191.jpg,living room,4.5,val
living_room/boho/living_room_boho_2.jpg,living room,3.2,val
bathroom/minimalist/bathroom_minimalist_129.jpg,bathroom,3.5,val
kitchen/modern/kitchen_modern_236.jpg,kitchen,4.5,val
kitchen/boho/kitchen_boho_374.jpg,kitchen,3.2,val
living_room/industrial/living_room_industrial_67.jpg,living room,3.0,val
bedroom/scandinavian/bedroom_scandinavian_17.jpg,bedroom,4.0,val
bathroom/industrial/bathroom_industrial_40.jpg,bathroom,3.0,val
bathroom/industrial/bathroom_industrial_2.jpg,bathroom,3.0,val
bedroom/modern/bedroom_modern_37.jpg,bedroom,4.5,val
bedroom/boho/bedroom_boho_117.jpg,bedroom,3.2,val
bedroom/modern/bedroom_modern_4.jpg,bedroom,4.5,val
bedroom/industrial/bedroom_industrial_6.jpg,bedroom,3.0,val
living_room/industrial/living_room_industrial_97.jpg,living room,3.0,val
living_room/modern/living_room_modern_88.jpg,living room,4.5,val
kitchen/boho/kitchen_boho_117.jpg,kitchen,3.2,val
kitchen/scandinavian/kitchen_scandinavian_27.jpg,kitchen,4.0,val
bedroom/modern/bedroom_modern_34.jpg,bedroom,4.5,val
bathroom/boho/bathroom_boho_107.jpg,bathroom,3.2,val
living_room/industrial/living_room_industrial_129.jpg,living room,3.0,val
bedroom/scandinavian/bedroom_scandinavian_37.jpg,bedroom,4.0,val
bathroom/minimalist/bathroom_minimalist_58.jpg,bathroom,3.5,val
living_room/modern/living_room_modern_22.jpg,living room,4.5,val
kitchen/modern/kitchen_modern_69.jpg,kitchen,4.5,val
bathroom/scandinavian/bathroom_scandinavian_111.jpg,bathroom,4.0,val
bathroom/scandinavian/bathroom_scandinavian_19.jpg,bathroom,4.0,val
bathroom/modern/bathroom_modern_83.jpg,bathroom,4.5,val
kitchen/industrial/kitchen_industrial_117.jpg,kitchen,3.0,val
living_room/industrial/living_room_industrial_172.jpg,living room,3.0,val
bathroom/minimalist/bathroom_minimalist_114.jpg,bathroom,3.5,val
living_room/industrial/living_room_industrial_20.jpg,living room,3.0,val
kitchen/boho/kitchen_boho_346.jpg,kitchen,3.2,val
kitchen/boho/kitchen_boho_35.jpg,kitchen,3.2,val
kitchen/modern/kitchen_modern_157.jpg,kitchen,4.5,val
bathroom/minimalist/bathroom_minimalist_80.jpg,bathroom,3.5,val
bedroom/scandinavian/bedroom_scandinavian_80.jpg,bedroom,4.0,val
kitchen/scandinavian/kitchen_scandinavian_55.jpg,kitchen,4.0,val
bedroom/scandinavian/bedroom_scandinavian_145.jpg,bedroom,4.0,val
bathroom/scandinavian/bathroom_scandinavian_120.jpg,bathroom,4.0,val
kitchen/industrial/kitchen_industrial_94.jpg,kitchen,3.0,val
kitchen/boho/kitchen_boho_287.jpg,kitchen,3.2,val
bedroom/modern/bedroom_modern_192.jpg,bedroom,4.5,val
bedroom/scandinavian/bedroom_scandinavian_89.jpg,bedroom,4.0,val
kitchen/boho/kitchen_boho_459.jpg,kitchen,3.2,val
living_room/modern/living_room_modern_18.jpg,living room,4.5,val
kitchen/boho/kitchen_boho_460.jpg,kitchen,3.2,val
kitchen/modern/kitchen_modern_61.jpg,kitchen,4.5,val
bedroom/boho/bedroom_boho_105.jpg,bedroom,3.2,val
kitchen/industrial/kitchen_industrial_58.jpg,kitchen,3.0,val
bathroom/boho/bathroom_boho_74.jpg,bathroom,3.2,val
bedroom/boho/bedroom_boho_7.jpg,bedroom,3.2,val
kitchen/modern/kitchen_modern_362.jpg,kitchen,4.5,val
living_room/minimalist/living_room_minimalist_130.jpg,living room,3.5,val
living_room/minimalist/living_room_minimalist_142.jpg,living room,3.5,val
bathroom/industrial/bathroom_industrial_27.jpg,bathroom,3.0,val
living_room/minimalist/living_room_minimalist_133.jpg,living room,3.5,val
kitchen/boho/kitchen_boho_6.jpg,kitchen,3.2,val
bedroom/industrial/bedroom_industrial_126.jpg,bedroom,3.0,val
kitchen/minimalist/kitchen_minimalist_28.jpg,kitchen,3.5,val
kitchen/boho/kitchen_boho_450.jpg,kitchen,3.2,val
living_room/scandinavian/living_room_scandinavian_39.jpg,living room,4.0,val
kitchen/scandinavian/kitchen_scandinavian_79.jpg,kitchen,4.0,val
bathroom/modern/bathroom_modern_15.jpg,bathroom,4.5,val
living_room/industrial/living_room_industrial_188.jpg,living room,3.0,val
bathroom/modern/bathroom_modern_136.jpg,bathroom,4.5,val
kitchen/minimalist/kitchen_minimalist_181.jpg,kitchen,3.5,val
kitchen/boho/kitchen_boho_110.jpg,kitchen,3.2,val
living_room/modern/living_room_modern_95.jpg,living room,4.5,val
kitchen/boho/kitchen_boho_409.jpg,kitchen,3.2,val
bedroom/modern/bedroom_modern_190.jpg,bedroom,4.5,val
bathroom/modern/bathroom_modern_11.jpg,bathroom,4.5,val
living_room/modern/living_room_modern_114.jpg,living room,4.5,val
bedroom/minimalist/bedroom_minimalist_16.jpg,bedroom,3.5,val
living_room/industrial/living_room_industrial_7.jpg,living room,3.0,val
kitchen/modern/kitchen_modern_54.jpg,kitchen,4.5,val
bedroom/industrial/bedroom_industrial_155.jpg,bedroom,3.0,val
kitchen/industrial/kitchen_industrial_99.jpg,kitchen,3.0,val
bedroom/boho/bedroom_boho_85.jpg,bedroom,3.2,val
bedroom/scandinavian/bedroom_scandinavian_121.jpg,bedroom,4.0,val
bedroom/industrial/bedroom_industrial_167.jpg,bedroom,3.0,val
kitchen/modern/kitchen_modern_201.jpg,kitchen,4.5,val
bedroom/modern/bedroom_modern_117.jpg,bedroom,4.5,val
kitchen/boho/kitchen_boho_188.jpg,kitchen,3.2,val
bedroom/modern/bedroom_modern_123.jpg,bedroom,4.5,val
bathroom/scandinavian/bathroom_scandinavian_54.jpg,bathroom,4.0,val
living_room/boho/living_room_boho_35.jpg,living room,3.2,val
kitchen/industrial/kitchen_industrial_125.jpg,kitchen,3.0,val
bathroom/minimalist/bathroom_minimalist_61.jpg,bathroom,3.5,val
bedroom/modern/bedroom_modern_195.jpg,bedroom,4.5,val
bedroom/industrial/bedroom_industrial_30.jpg,bedroom,3.0,val
living_room/minimalist/living_room_minimalist_23.jpg,living room,3.5,val
kitchen/modern/kitchen_modern_105.jpg,kitchen,4.5,val
bedroom/minimalist/bedroom_minimalist_10.jpg,bedroom,3.5,val
kitchen/scandinavian/kitchen_scandinavian_7.jpg,kitchen,4.0,val
bedroom/modern/bedroom_modern_81.jpg,bedroom,4.5,val
kitchen/boho/kitchen_boho_52.jpg,kitchen,3.2,val
kitchen/minimalist/kitchen_minimalist_79.jpg,kitchen,3.5,val
kitchen/industrial/kitchen_industrial_199.jpg,kitchen,3.0,val
kitchen/modern/kitchen_modern_331.jpg,kitchen,4.5,val
kitchen/boho/kitchen_boho_361.jpg,kitchen,3.2,val
living_room/boho/living_room_boho_28.jpg,living room,3.2,val
bedroom/minimalist/bedroom_minimalist_173.jpg,bedroom,3.5,val
bathroom/industrial/bathroom_industrial_102.jpg,bathroom,3.0,val
bedroom/boho/bedroom_boho_92.jpg,bedroom,3.2,val
bathroom/boho/bathroom_boho_49.jpg,bathroom,3.2,val
kitchen/minimalist/kitchen_minimalist_179.jpg,kitchen,3.5,val
bedroom/industrial/bedroom_industrial_184.jpg,bedroom,3.0,val
bathroom/minimalist/bathroom_minimalist_11.jpg,bathroom,3.5,val
kitchen/minimalist/kitchen_minimalist_31.jpg,kitchen,3.5,val
living_room/industrial/living_room_industrial_72.jpg,living room,3.0,val
bedroom/modern/bedroom_modern_196.jpg,bedroom,4.5,val
living_room/boho/living_room_boho_138.jpg,living room,3.2,val
living_room/industrial/living_room_industrial_41.jpg,living room,3.0,val
bedroom/boho/bedroom_boho_88.jpg,bedroom,3.2,val
bathroom/boho/bathroom_boho_103.jpg,bathroom,3.2,val
living_room/modern/living_room_modern_31.jpg,living room,4.5,val
bedroom/boho/bedroom_boho_12.jpg,bedroom,3.2,val
bedroom/scandinavian/bedroom_scandinavian_118.jpg,bedroom,4.0,val
bedroom/scandinavian/bedroom_scandinavian_105.jpg,bedroom,4.0,val
bedroom/minimalist/bedroom_minimalist_7.jpg,bedroom,3.5,val
bedroom/industrial/bedroom_industrial_59.jpg,bedroom,3.0,val
bathroom/minimalist/bathroom_minimalist_53.jpg,bathroom,3.5,val
bedroom/minimalist/bedroom_minimalist_66.jpg,bedroom,3.5,val
living_room/scandinavian/living_room_scandinavian_48.jpg,living room,4.0,val
living_room/scandinavian/living_room_scandinavian_7.jpg,living room,4.0,val
living_room/modern/living_room_modern_193.jpg,living room,4.5,val
kitchen/minimalist/kitchen_minimalist_1.jpg,kitchen,3.5,val
living_room/minimalist/living_room_minimalist_4.jpg,living room,3.5,val
bathroom/industrial/bathroom_industrial_85.jpg,bathroom,3.0,val
bathroom/modern/bathroom_modern_21.jpg,bathroom,4.5,val
living_room/scandinavian/living_room_scandinavian_129.jpg,living room,4.0,val
kitchen/boho/kitchen_boho_246.jpg,kitchen,3.2,val
kitchen/minimalist/kitchen_minimalist_111.jpg,kitchen,3.5,val
bathroom/industrial/bathroom_industrial_81.jpg,bathroom,3.0,val
kitchen/boho/kitchen_boho_143.jpg,kitchen,3.2,val
bathroom/scandinavian/bathroom_scandinavian_60.jpg,bathroom,4.0,val
bedroom/scandinavian/bedroom_scandinavian_22.jpg,bedroom,4.0,val
living_room/modern/living_room_modern_26.jpg,living room,4.5,val
kitchen/boho/kitchen_boho_221.jpg,kitchen,3.2,val
living_room/scandinavian/living_room_scandinavian_131.jpg,living room,4.0,val
living_room/industrial/living_room_industrial_107.jpg,living room,3.0,val
bedroom/modern/bedroom_modern_19.jpg,bedroom,4.5,val
kitchen/boho/kitchen_boho_357.jpg,kitchen,3.2,val
living_room/industrial/living_room_industrial_101.jpg,living room,3.0,val
kitchen/minimalist/kitchen_minimalist_117.jpg,kitchen,3.5,val
living_room/modern/living_room_modern_248.jpg,living room,4.5,val
kitchen/industrial/kitchen_industrial_82.jpg,kitchen,3.0,val
bathroom/minimalist/bathroom_minimalist_64.jpg,bathroom,3.5,val
living_room/boho/living_room_boho_17.jpg,living room,3.2,val
kitchen/boho/kitchen_boho_128.jpg,kitchen,3.2,val
kitchen/modern/kitchen_modern_379.jpg,kitchen,4.5,val
bathroom/boho/bathroom_boho_93.jpg,bathroom,3.2,val
living_room/boho/living_room_boho_119.jpg,living room,3.2,val
kitchen/boho/kitchen_boho_329.jpg,kitchen,3.2,val
bathroom/minimalist/bathroom_minimalist_10.jpg,bathroom,3.5,val
bedroom/modern/bedroom_modern_49.jpg,bedroom,4.5,val
living_room/minimalist/living_room_minimalist_172.jpg,living room,3.5,val
bedroom/minimalist/bedroom_minimalist_143.jpg,bedroom,3.5,val
bathroom/minimalist/bathroom_minimalist_86.jpg,bathroom,3.5,val
living_room/scandinavian/living_room_scandinavian_10.jpg,living room,4.0,val
bedroom/minimalist/bedroom_minimalist_119.jpg,bedroom,3.5,val
living_room/modern/living_room_modern_147.jpg,living room,4.5,val
living_room/scandinavian/living_room_scandinavian_57.jpg,living room,4.0,val
bathroom/modern/bathroom_modern_94.jpg,bathroom,4.5,val
kitchen/industrial/kitchen_industrial_207.jpg,kitchen,3.0,val
bedroom/industrial/bedroom_industrial_108.jpg,bedroom,3.0,val
kitchen/modern/kitchen_modern_125.jpg,kitchen,4.5,val
bedroom/boho/bedroom_boho_118.jpg,bedroom,3.2,val
kitchen/scandinavian/kitchen_scandinavian_131.jpg,kitchen,4.0,val
kitchen/minimalist/kitchen_minimalist_178.jpg,kitchen,3.5,val
living_room/modern/living_room_modern_203.jpg,living room,4.5,val
kitchen/scandinavian/kitchen_scandinavian_10.jpg,kitchen,4.0,val
living_room/boho/living_room_boho_57.jpg,living room,3.2,val
bathroom/industrial/bathroom_industrial_20.jpg,bathroom,3.0,val
kitchen/modern/kitchen_modern_80.jpg,kitchen,4.5,val
living_room/scandinavian/living_room_scandinavian_41.jpg,living room,4.0,val
bedroom/minimalist/bedroom_minimalist_134.jpg,bedroom,3.5,val
bathroom/modern/bathroom_modern_3.jpg,bathroom,4.5,val
living_room/modern/living_room_modern_275.jpg,living room,4.5,val
kitchen/modern/kitchen_modern_94.jpg,kitchen,4.5,val
kitchen/minimalist/kitchen_minimalist_61.jpg,kitchen,3.5,val
living_room/modern/living_room_modern_1.jpg,living room,4.5,val
kitchen/minimalist/kitchen_minimalist_182.jpg,kitchen,3.5,val
bedroom/modern/bedroom_modern_61.jpg,bedroom,4.5,val
kitchen/minimalist/kitchen_minimalist_65.jpg,kitchen,3.5,val
living_room/boho/living_room_boho_151.jpg,living room,3.2,val
bathroom/boho/bathroom_boho_94.jpg,bathroom,3.2,val
bathroom/industrial/bathroom_industrial_103.jpg,bathroom,3.0,val
living_room/scandinavian/living_room_scandinavian_126.jpg,living room,4.0,val
living_room/industrial/living_room_industrial_135.jpg,living room,3.0,val
living_room/industrial/living_room_industrial_199.jpg,living room,3.0,val
kitchen/boho/kitchen_boho_245.jpg,kitchen,3.2,val
kitchen/scandinavian/kitchen_scandinavian_48.jpg,kitchen,4.0,val
kitchen/industrial/kitchen_industrial_253.jpg,kitchen,3.0,val
living_room/modern/living_room_modern_267.jpg,living room,4.5,val
bathroom/modern/bathroom_modern_70.jpg,bathroom,4.5,val
living_room/boho/living_room_boho_71.jpg,living room,3.2,val
living_room/modern/living_room_modern_59.jpg,living room,4.5,val
bedroom/modern/bedroom_modern_102.jpg,bedroom,4.5,val
bathroom/minimalist/bathroom_minimalist_113.jpg,bathroom,3.5,val
kitchen/boho/kitchen_boho_318.jpg,kitchen,3.2,val
kitchen/scandinavian/kitchen_scandinavian_80.jpg,kitchen,4.0,val
kitchen/minimalist/kitchen_minimalist_151.jpg,kitchen,3.5,val
kitchen/boho/kitchen_boho_73.jpg,kitchen,3.2,val
living_room/minimalist/living_room_minimalist_90.jpg,living room,3.5,val
bathroom/boho/bathroom_boho_88.jpg,bathroom,3.2,val
bathroom/scandinavian/bathroom_scandinavian_113.jpg,bathroom,4.0,val
kitchen/boho/kitchen_boho_352.jpg,kitchen,3.2,val
kitchen/boho/kitchen_boho_255.jpg,kitchen,3.2,val
kitchen/modern/kitchen_modern_21.jpg,kitchen,4.5,val
bedroom/modern/bedroom_modern_99.jpg,bedroom,4.5,val
kitchen/scandinavian/kitchen_scandinavian_38.jpg,kitchen,4.0,val
bedroom/modern/bedroom_modern_144.jpg,bedroom,4.5,val
living_room/modern/living_room_modern_61.jpg,living room,4.5,val
kitchen/scandinavian/kitchen_scandinavian_24.jpg,kitchen,4.0,val
bedroom/minimalist/bedroom_minimalist_142.jpg,bedroom,3.5,val
kitchen/modern/kitchen_modern_118.jpg,kitchen,4.5,val
bathroom/modern/bathroom_modern_71.jpg,bathroom,4.5,val
living_room/minimalist/living_room_minimalist_8.jpg,living room,3.5,val
living_room/scandinavian/living_room_scandinavian_124.jpg,living room,4.0,val
living_room/modern/living_room_modern_233.jpg,living room,4.5,val
kitchen/industrial/kitchen_industrial_225.jpg,kitchen,3.0,val
bathroom/scandinavian/bathroom_scandinavian_63.jpg,bathroom,4.0,val
living_room/modern/living_room_modern_13.jpg,living room,4.5,val
kitchen/industrial/kitchen_industrial_162.jpg,kitchen,3.0,val
kitchen/industrial/kitchen_industrial_259.jpg,kitchen,3.0,val
kitchen/minimalist/kitchen_minimalist_100.jpg,kitchen,3.5,val
kitchen/boho/kitchen_boho_282.jpg,kitchen,3.2,val
kitchen/modern/kitchen_modern_160.jpg,kitchen,4.5,val
bedroom/minimalist/bedroom_minimalist_15.jpg,bedroom,3.5,val
kitchen/minimalist/kitchen_minimalist_165.jpg,kitchen,3.5,val
kitchen/modern/kitchen_modern_225.jpg,kitchen,4.5,val
kitchen/modern/kitchen_modern_101.jpg,kitchen,4.5,val
bathroom/modern/bathroom_modern_75.jpg,bathroom,4.5,val
bedroom/modern/bedroom_modern_16.jpg,bedroom,4.5,val
living_room/modern/living_room_modern_271.jpg,living room,4.5,val
living_room/modern/living_room_modern_154.jpg,living room,4.5,val
bedroom/modern/bedroom_modern_33.jpg,bedroom,4.5,val
bedroom/industrial/bedroom_industrial_25.jpg,bedroom,3.0,val
living_room/modern/living_room_modern_142.jpg,living room,4.5,val
kitchen/scandinavian/kitchen_scandinavian_16.jpg,kitchen,4.0,val
kitchen/modern/kitchen_modern_266.jpg,kitchen,4.5,val
kitchen/boho/kitchen_boho_163.jpg,kitchen,3.2,val
bathroom/minimalist/bathroom_minimalist_56.jpg,bathroom,3.5,val
kitchen/boho/kitchen_boho_106.jpg,kitchen,3.2,val
kitchen/modern/kitchen_modern_100.jpg,kitchen,4.5,val
bedroom/boho/bedroom_boho_97.jpg,bedroom,3.2,val
bedroom/modern/bedroom_modern_183.jpg,bedroom,4.5,val
kitchen/industrial/kitchen_industrial_130.jpg,kitchen,3.0,val
bathroom/modern/bathroom_modern_129.jpg,bathroom,4.5,val
bathroom/modern/bathroom_modern_63.jpg,bathroom,4.5,val
living_room/boho/living_room_boho_118.jpg,living room,3.2,val
kitchen/boho/kitchen_boho_422.jpg,kitchen,3.2,val
living_room/minimalist/living_room_minimalist_108.jpg,living room,3.5,val
bedroom/industrial/bedroom_industrial_92.jpg,bedroom,3.0,val
kitchen/boho/kitchen_boho_442.jpg,kitchen,3.2,val
kitchen/industrial/kitchen_industrial_142.jpg,kitchen,3.0,val
kitchen/boho/kitchen_boho_317.jpg,kitchen,3.2,val
kitchen/modern/kitchen_modern_40.jpg,kitchen,4.5,val
kitchen/industrial/kitchen_industrial_120.jpg,kitchen,3.0,val
kitchen/boho/kitchen_boho_92.jpg,kitchen,3.2,val
living_room/scandinavian/living_room_scandinavian_15.jpg,living room,4.0,val
living_room/modern/living_room_modern_134.jpg,living room,4.5,val
bathroom/boho/bathroom_boho_50.jpg,bathroom,3.2,val
bathroom/scandinavian/bathroom_scandinavian_98.jpg,bathroom,4.0,val
bathroom/scandinavian/bathroom_scandinavian_74.jpg,bathroom,4.0,val
bedroom/minimalist/bedroom_minimalist_33.jpg,bedroom,3.5,val
living_room/modern/living_room_modern_38.jpg,living room,4.5,val
kitchen/industrial/kitchen_industrial_122.jpg,kitchen,3.0,val
kitchen/boho/kitchen_boho_131.jpg,kitchen,3.2,val
bathroom/boho/bathroom_boho_6.jpg,bathroom,3.2,val
bathroom/modern/bathroom_modern_55.jpg,bathroom,4.5,val
kitchen/boho/kitchen_boho_325.jpg,kitchen,3.2,val
living_room/industrial/living_room_industrial_189.jpg,living room,3.0,val
living_room/industrial/living_room_industrial_123.jpg,living room,3.0,val
bathroom/modern/bathroom_modern_108.jpg,bathroom,4.5,val
kitchen/boho/kitchen_boho_272.jpg,kitchen,3.2,val
kitchen/boho/kitchen_boho_381.jpg,kitchen,3.2,val
bedroom/scandinavian/bedroom_scandinavian_72.jpg,bedroom,4.0,val
bathroom/minimalist/bathroom_minimalist_147.jpg,bathroom,3.5,val
kitchen/boho/kitchen_boho_206.jpg,kitchen,3.2,val
living_room/boho/living_room_boho_43.jpg,living room,3.2,val
bedroom/industrial/bedroom_industrial_133.jpg,bedroom,3.0,val
kitchen/boho/kitchen_boho_227.jpg,kitchen,3.2,val
bedroom/modern/bedroom_modern_194.jpg,bedroom,4.5,val
bedroom/industrial/bedroom_industrial_90.jpg,bedroom,3.0,val
kitchen/modern/kitchen_modern_315.jpg,kitchen,4.5,val
living_room/minimalist/living_room_minimalist_100.jpg,living room,3.5,val
living_room/scandinavian/living_room_scandinavian_65.jpg,living room,4.0,val
kitchen/modern/kitchen_modern_271.jpg,kitchen,4.5,val
bedroom/minimalist/bedroom_minimalist_22.jpg,bedroom,3.5,val
bathroom/boho/bathroom_boho_60.jpg,bathroom,3.2,val
living_room/minimalist/living_room_minimalist_97.jpg,living room,3.5,val
kitchen/minimalist/kitchen_minimalist_71.jpg,kitchen,3.5,val
living_room/minimalist/living_room_minimalist_140.jpg,living room,3.5,val
kitchen/modern/kitchen_modern_77.jpg,kitchen,4.5,val
living_room/scandinavian/living_room_scandinavian_80.jpg,living room,4.0,val
bedroom/scandinavian/bedroom_scandinavian_109.jpg,bedroom,4.0,val
bathroom/industrial/bathroom_industrial_17.jpg,bathroom,3.0,val
bathroom/boho/bathroom_boho_95.jpg,bathroom,3.2,val
kitchen/modern/kitchen_modern_382.jpg,kitchen,4.5,val
bathroom/industrial/bathroom_industrial_50.jpg,bathroom,3.0,val
bathroom/minimalist/bathroom_minimalist_141.jpg,bathroom,3.5,val
kitchen/industrial/kitchen_industrial_127.jpg,kitchen,3.0,val
kitchen/scandinavian/kitchen_scandinavian_133.jpg,kitchen,4.0,val
bathroom/minimalist/bathroom_minimalist_91.jpg,bathroom,3.5,val
living_room/modern/living_room_modern_183.jpg,living room,4.5,val
living_room/minimalist/living_room_minimalist_78.jpg,living room,3.5,val
living_room/scandinavian/living_room_scandinavian_110.jpg,living room,4.0,val
bathroom/industrial/bathroom_industrial_64.jpg,bathroom,3.0,val
kitchen/minimalist/kitchen_minimalist_95.jpg,kitchen,3.5,val
living_room/scandinavian/living_room_scandinavian_107.jpg,living room,4.0,val
bathroom/industrial/bathroom_industrial_112.jpg,bathroom,3.0,val
kitchen/industrial/kitchen_industrial_273.jpg,kitchen,3.0,val
kitchen/scandinavian/kitchen_scandinavian_6.jpg,kitchen,4.0,val
kitchen/industrial/kitchen_industrial_283.jpg,kitchen,3.0,val
bathroom/industrial/bathroom_industrial_30.jpg,bathroom,3.0,val
bedroom/boho/bedroom_boho_6.jpg,bedroom,3.2,val
kitchen/boho/kitchen_boho_191.jpg,kitchen,3.2,val
bedroom/minimalist/bedroom_minimalist_45.jpg,bedroom,3.5,val
living_room/boho/living_room_boho_87.jpg,living room,3.2,val
living_room/scandinavian/living_room_scandinavian_79.jpg,living room,4.0,val
bedroom/modern/bedroom_modern_23.jpg,bedroom,4.5,val
bedroom/modern/bedroom_modern_56.jpg,bedroom,4.5,val
living_room/minimalist/living_room_minimalist_15.jpg,living room,3.5,val
living_room/minimalist/living_room_minimalist_200.jpg,living room,3.5,val
living_room/boho/living_room_boho_106.jpg,living room,3.2,val
bedroom/industrial/bedroom_industrial_35.jpg,bedroom,3.0,val
living_room/minimalist/living_room_minimalist_91.jpg,living room,3.5,val
living_room/minimalist/living_room_minimalist_49.jpg,living room,3.5,val
living_room/industrial/living_room_industrial_125.jpg,living room,3.0,val
bedroom/scandinavian/bedroom_scandinavian_46.jpg,bedroom,4.0,val
kitchen/industrial/kitchen_industrial_254.jpg,kitchen,3.0,val
kitchen/minimalist/kitchen_minimalist_36.jpg,kitchen,3.5,val
kitchen/industrial/kitchen_industrial_257.jpg,kitchen,3.0,val
bedroom/scandinavian/bedroom_scandinavian_51.jpg,bedroom,4.0,val
kitchen/modern/kitchen_modern_239.jpg,kitchen,4.5,val
bathroom/boho/bathroom_boho_118.jpg,bathroom,3.2,val
bedroom/industrial/bedroom_industrial_101.jpg,bedroom,3.0,val
kitchen/modern/kitchen_modern_227.jpg,kitchen,4.5,val
kitchen/industrial/kitchen_industrial_204.jpg,kitchen,3.0,val
kitchen/industrial/kitchen_industrial_249.jpg,kitchen,3.0,val
living_room/scandinavian/living_room_scandinavian_45.jpg,living room,4.0,val
kitchen/modern/kitchen_modern_0.jpg,kitchen,4.5,val
kitchen/boho/kitchen_boho_375.jpg,kitchen,3.2,val
bedroom/industrial/bedroom_industrial_116.jpg,bedroom,3.0,val
bathroom/modern/bathroom_modern_96.jpg,bathroom,4.5,val
kitchen/minimalist/kitchen_minimalist_67.jpg,kitchen,3.5,val
bathroom/industrial/bathroom_industrial_69.jpg,bathroom,3.0,val
living_room/industrial/living_room_industrial_87.jpg,living room,3.0,val
kitchen/industrial/kitchen_industrial_81.jpg,kitchen,3.0,val
kitchen/modern/kitchen_modern_385.jpg,kitchen,4.5,val
kitchen/boho/kitchen_boho_349.jpg,kitchen,3.2,val
bathroom/minimalist/bathroom_minimalist_9.jpg,bathroom,3.5,val
living_room/minimalist/living_room_minimalist_80.jpg,living room,3.5,val
living_room/minimalist/living_room_minimalist_105.jpg,living room,3.5,val
living_room/modern/living_room_modern_20.jpg,living room,4.5,val
kitchen/minimalist/kitchen_minimalist_164.jpg,kitchen,3.5,val
living_room/minimalist/living_room_minimalist_75.jpg,living room,3.5,val
living_room/scandinavian/living_room_scandinavian_32.jpg,living room,4.0,val
bedroom/scandinavian/bedroom_scandinavian_142.jpg,bedroom,4.0,val
bathroom/scandinavian/bathroom_scandinavian_72.jpg,bathroom,4.0,val
living_room/industrial/living_room_industrial_126.jpg,living room,3.0,val
kitchen/modern/kitchen_modern_185.jpg,kitchen,4.5,val
living_room/boho/living_room_boho_157.jpg,living room,3.2,val
kitchen/scandinavian/kitchen_scandinavian_130.jpg,kitchen,4.0,val
kitchen/modern/kitchen_modern_383.jpg,kitchen,4.5,val
bathroom/scandinavian/bathroom_scandinavian_0.jpg,bathroom,4.0,val
kitchen/boho/kitchen_boho_254.jpg,kitchen,3.2,val
bathroom/modern/bathroom_modern_116.jpg,bathroom,4.5,val
bathroom/industrial/bathroom_industrial_108.jpg,bathroom,3.0,val
kitchen/boho/kitchen_boho_438.jpg,kitchen,3.2,val
living_room/minimalist/living_room_minimalist_5.jpg,living room,3.5,val
bathroom/scandinavian/bathroom_scandinavian_29.jpg,bathroom,4.0,val
bedroom/scandinavian/bedroom_scandinavian_63.jpg,bedroom,4.0,val
living_room/industrial/living_room_industrial_184.jpg,living room,3.0,val
kitchen/modern/kitchen_modern_19.jpg,kitchen,4.5,val
living_room/industrial/living_room_industrial_91.jpg,living room,3.0,val
kitchen/modern/kitchen_modern_249.jpg,kitchen,4.5,val
living_room/modern/living_room_modern_93.jpg,living room,4.5,val
living_room/industrial/living_room_industrial_141.jpg,living room,3.0,val
bathroom/minimalist/bathroom_minimalist_33.jpg,bathroom,3.5,val
living_room/scandinavian/living_room_scandinavian_17.jpg,living room,4.0,val
bedroom/minimalist/bedroom_minimalist_118.jpg,bedroom,3.5,val
kitchen/modern/kitchen_modern_310.jpg,kitchen,4.5,val
living_room/boho/living_room_boho_9.jpg,living room,3.2,val
kitchen/boho/kitchen_boho_406.jpg,kitchen,3.2,val
kitchen/industrial/kitchen_industrial_36.jpg,kitchen,3.0,val
bathroom/modern/bathroom_modern_68.jpg,bathroom,4.5,val
living_room/boho/living_room_boho_83.jpg,living room,3.2,val
kitchen/boho/kitchen_boho_405.jpg,kitchen,3.2,val
kitchen/industrial/kitchen_industrial_119.jpg,kitchen,3.0,val
kitchen/scandinavian/kitchen_scandinavian_63.jpg,kitchen,4.0,val
bathroom/scandinavian/bathroom_scandinavian_37.jpg,bathroom,4.0,val
kitchen/boho/kitchen_boho_326.jpg,kitchen,3.2,val
living_room/scandinavian/living_room_scandinavian_84.jpg,living room,4.0,val
bedroom/modern/bedroom_modern_112.jpg,bedroom,4.5,val
kitchen/modern/kitchen_modern_243.jpg,kitchen,4.5,val
kitchen/scandinavian/kitchen_scandinavian_113.jpg,kitchen,4.0,val
bedroom/industrial/bedroom_industrial_91.jpg,bedroom,3.0,val
bathroom/modern/bathroom_modern_33.jpg,bathroom,4.5,val
bedroom/industrial/bedroom_industrial_164.jpg,bedroom,3.0,val
kitchen/industrial/kitchen_industrial_193.jpg,kitchen,3.0,val
kitchen/minimalist/kitchen_minimalist_133.jpg,kitchen,3.5,val
kitchen/industrial/kitchen_industrial_188.jpg,kitchen,3.0,val
living_room/minimalist/living_room_minimalist_139.jpg,living room,3.5,val
living_room/boho/living_room_boho_30.jpg,living room,3.2,val
bathroom/minimalist/bathroom_minimalist_123.jpg,bathroom,3.5,val
bedroom/boho/bedroom_boho_35.jpg,bedroom,3.2,val
bedroom/industrial/bedroom_industrial_161.jpg,bedroom,3.0,val
living_room/minimalist/living_room_minimalist_118.jpg,living room,3.5,val
bathroom/minimalist/bathroom_minimalist_4.jpg,bathroom,3.5,val
kitchen/modern/kitchen_modern_255.jpg,kitchen,4.5,val
living_room/scandinavian/living_room_scandinavian_91.jpg,living room,4.0,val
living_room/industrial/living_room_industrial_134.jpg,living room,3.0,val
kitchen/boho/kitchen_boho_341.jpg,kitchen,3.2,val
living_room/modern/living_room_modern_100.jpg,living room,4.5,val
bedroom/modern/bedroom_modern_1.jpg,bedroom,4.5,val
living_room/boho/living_room_boho_51.jpg,living room,3.2,val
bedroom/scandinavian/bedroom_scandinavian_45.jpg,bedroom,4.0,val
kitchen/boho/kitchen_boho_471.jpg,kitchen,3.2,val
bathroom/minimalist/bathroom_minimalist_25.jpg,bathroom,3.5,val
bedroom/minimalist/bedroom_minimalist_71.jpg,bedroom,3.5,val
living_room/minimalist/living_room_minimalist_194.jpg,living room,3.5,val
kitchen/modern/kitchen_modern_352.jpg,kitchen,4.5,val
bathroom/industrial/bathroom_industrial_152.jpg,bathroom,3.0,val
living_room/modern/living_room_modern_43.jpg,living room,4.5,val
bedroom/industrial/bedroom_industrial_46.jpg,bedroom,3.0,val
kitchen/boho/kitchen_boho_419.jpg,kitchen,3.2,val
kitchen/industrial/kitchen_industrial_57.jpg,kitchen,3.0,val
living_room/boho/living_room_boho_54.jpg,living room,3.2,val
living_room/minimalist/living_room_minimalist_82.jpg,living room,3.5,val
living_room/modern/living_room_modern_218.jpg,living room,4.5,val
bathroom/modern/bathroom_modern_109.jpg,bathroom,4.5,val
bedroom/industrial/bedroom_industrial_162.jpg,bedroom,3.0,val
kitchen/scandinavian/kitchen_scandinavian_110.jpg,kitchen,4.0,val
bedroom/boho/bedroom_boho_37.jpg,bedroom,3.2,val
living_room/scandinavian/living_room_scandinavian_145.jpg,living room,4.0,val
bathroom/scandinavian/bathroom_scandinavian_16.jpg,bathroom,4.0,val
kitchen/modern/kitchen_modern_1.jpg,kitchen,4.5,val
bathroom/industrial/bathroom_industrial_68.jpg,bathroom,3.0,val
bedroom/minimalist/bedroom_minimalist_125.jpg,bedroom,3.5,val
bedroom/boho/bedroom_boho_28.jpg,bedroom,3.2,val
bedroom/scandinavian/bedroom_scandinavian_19.jpg,bedroom,4.0,val
kitchen/boho/kitchen_boho_38.jpg,kitchen,3.2,val
living_room/industrial/living_room_industrial_132.jpg,living room,3.0,val
bathroom/modern/bathroom_modern_107.jpg,bathroom,4.5,val
kitchen/boho/kitchen_boho_22.jpg,kitchen,3.2,val
living_room/boho/living_room_boho_78.jpg,living room,3.2,val
kitchen/modern/kitchen_modern_14.jpg,kitchen,4.5,val
bedroom/scandinavian/bedroom_scandinavian_48.jpg,bedroom,4.0,val
living_room/scandinavian/living_room_scandinavian_87.jpg,living room,4.0,val
kitchen/industrial/kitchen_industrial_200.jpg,kitchen,3.0,val
bathroom/boho/bathroom_boho_41.jpg,bathroom,3.2,val
kitchen/boho/kitchen_boho_78.jpg,kitchen,3.2,val
living_room/modern/living_room_modern_24.jpg,living room,4.5,val
living_room/modern/living_room_modern_273.jpg,living room,4.5,val
kitchen/modern/kitchen_modern_173.jpg,kitchen,4.5,val
living_room/industrial/living_room_industrial_38.jpg,living room,3.0,val
bedroom/boho/bedroom_boho_39.jpg,bedroom,3.2,val
living_room/boho/living_room_boho_111.jpg,living room,3.2,val
living_room/modern/living_room_modern_17.jpg,living room,4.5,val
kitchen/industrial/kitchen_industrial_260.jpg,kitchen,3.0,val
bathroom/minimalist/bathroom_minimalist_109.jpg,bathroom,3.5,val
kitchen/industrial/kitchen_industrial_111.jpg,kitchen,3.0,val
bedroom/boho/bedroom_boho_123.jpg,bedroom,3.2,val
bedroom/industrial/bedroom_industrial_180.jpg,bedroom,3.0,val
living_room/industrial/living_room_industrial_13.jpg,living room,3.0,val
kitchen/boho/kitchen_boho_396.jpg,kitchen,3.2,val
living_room/modern/living_room_modern_71.jpg,living room,4.5,val
living_room/scandinavian/living_room_scandinavian_120.jpg,living room,4.0,val
kitchen/modern/kitchen_modern_312.jpg,kitchen,4.5,val
living_room/modern/living_room_modern_135.jpg,living room,4.5,val
kitchen/boho/kitchen_boho_345.jpg,kitchen,3.2,val
bedroom/scandinavian/bedroom_scandinavian_124.jpg,bedroom,4.0,val
bathroom/minimalist/bathroom_minimalist_94.jpg,bathroom,3.5,val
kitchen/scandinavian/kitchen_scandinavian_89.jpg,kitchen,4.0,val
kitchen/modern/kitchen_modern_291.jpg,kitchen,4.5,val
bedroom/scandinavian/bedroom_scandinavian_8.jpg,bedroom,4.0,val
bedroom/industrial/bedroom_industrial_195.jpg,bedroom,3.0,val
bathroom/scandinavian/bathroom_scandinavian_50.jpg,bathroom,4.0,val
bedroom/industrial/bedroom_industrial_130.jpg,bedroom,3.0,val
bathroom/minimalist/bathroom_minimalist_13.jpg,bathroom,3.5,val
living_room/modern/living_room_modern_139.jpg,living room,4.5,val
bathroom/modern/bathroom_modern_38.jpg,bathroom,4.5,val
kitchen/modern/kitchen_modern_163.jpg,kitchen,4.5,val
kitchen/boho/kitchen_boho_104.jpg,kitchen,3.2,val
kitchen/modern/kitchen_modern_84.jpg,kitchen,4.5,val
kitchen/boho/kitchen_boho_297.jpg,kitchen,3.2,val
living_room/industrial/living_room_industrial_33.jpg,living room,3.0,val
bedroom/industrial/bedroom_industrial_43.jpg,bedroom,3.0,val
bedroom/minimalist/bedroom_minimalist_104.jpg,bedroom,3.5,val
living_room/industrial/living_room_industrial_54.jpg,living room,3.0,val
living_room/modern/living_room_modern_295.jpg,living room,4.5,val
kitchen/modern/kitchen_modern_273.jpg,kitchen,4.5,val
living_room/scandinavian/living_room_scandinavian_158.jpg,living room,4.0,val
bedroom/minimalist/bedroom_minimalist_122.jpg,bedroom,3.5,val
kitchen/modern/kitchen_modern_256.jpg,kitchen,4.5,val
kitchen/industrial/kitchen_industrial_26.jpg,kitchen,3.0,val
kitchen/scandinavian/kitchen_scandinavian_40.jpg,kitchen,4.0,val
kitchen/modern/kitchen_modern_274.jpg,kitchen,4.5,val
kitchen/industrial/kitchen_industrial_118.jpg,kitchen,3.0,val
bathroom/boho/bathroom_boho_11.jpg,bathroom,3.2,val
kitchen/boho/kitchen_boho_465.jpg,kitchen,3.2,val
kitchen/industrial/kitchen_industrial_165.jpg,kitchen,3.0,val
bedroom/modern/bedroom_modern_94.jpg,bedroom,4.5,val
kitchen/scandinavian/kitchen_scandinavian_139.jpg,kitchen,4.0,val
kitchen/boho/kitchen_boho_43.jpg,kitchen,3.2,val
bathroom/boho/bathroom_boho_97.jpg,bathroom,3.2,val
kitchen/modern/kitchen_modern_7.jpg,kitchen,4.5,val
bathroom/scandinavian/bathroom_scandinavian_117.jpg,bathroom,4.0,val
kitchen/minimalist/kitchen_minimalist_126.jpg,kitchen,3.5,val
kitchen/modern/kitchen_modern_196.jpg,kitchen,4.5,val
bedroom/modern/bedroom_modern_36.jpg,bedroom,4.5,val
bathroom/boho/bathroom_boho_104.jpg,bathroom,3.2,val
kitchen/boho/kitchen_boho_123.jpg,kitchen,3.2,val
living_room/modern/living_room_modern_5.jpg,living room,4.5,val
kitchen/industrial/kitchen_industrial_52.jpg,kitchen,3.0,val
bathroom/boho/bathroom_boho_69.jpg,bathroom,3.2,val
living_room/boho/living_room_boho_178.jpg,living room,3.2,val
bedroom/minimalist/bedroom_minimalist_77.jpg,bedroom,3.5,val
kitchen/industrial/kitchen_industrial_210.jpg,kitchen,3.0,val
bathroom/boho/bathroom_boho_100.jpg,bathroom,3.2,val
bedroom/industrial/bedroom_industrial_65.jpg,bedroom,3.0,val
living_room/minimalist/living_room_minimalist_54.jpg,living room,3.5,val
kitchen/modern/kitchen_modern_267.jpg,kitchen,4.5,val
living_room/modern/living_room_modern_101.jpg,living room,4.5,val
bedroom/minimalist/bedroom_minimalist_35.jpg,bedroom,3.5,val
kitchen/industrial/kitchen_industrial_146.jpg,kitchen,3.0,val
bedroom/boho/bedroom_boho_74.jpg,bedroom,3.2,val
living_room/boho/living_room_boho_144.jpg,living room,3.2,val
bathroom/minimalist/bathroom_minimalist_70.jpg,bathroom,3.5,val
bedroom/industrial/bedroom_industrial_55.jpg,bedroom,3.0,val
kitchen/industrial/kitchen_industrial_137.jpg,kitchen,3.0,val
living_room/modern/living_room_modern_197.jpg,living room,4.5,val
kitchen/boho/kitchen_boho_56.jpg,kitchen,3.2,val
kitchen/minimalist/kitchen_minimalist_97.jpg,kitchen,3.5,val
living_room/boho/living_room_boho_10.jpg,living room,3.2,val
bathroom/industrial/bathroom_industrial_90.jpg,bathroom,3.0,val
bathroom/industrial/bathroom_industrial_148.jpg,bathroom,3.0,val
kitchen/industrial/kitchen_industrial_45.jpg,kitchen,3.0,val
kitchen/industrial/kitchen_industrial_144.jpg,kitchen,3.0,val
kitchen/minimalist/kitchen_minimalist_23.jpg,kitchen,3.5,val
bedroom/boho/bedroom_boho_83.jpg,bedroom,3.2,val
bedroom/scandinavian/bedroom_scandinavian_74.jpg,bedroom,4.0,val
kitchen/boho/kitchen_boho_207.jpg,kitchen,3.2,val
kitchen/modern/kitchen_modern_232.jpg,kitchen,4.5,val
kitchen/scandinavian/kitchen_scandinavian_36.jpg,kitchen,4.0,val
bathroom/minimalist/bathroom_minimalist_74.jpg,bathroom,3.5,val
living_room/industrial/living_room_industrial_165.jpg,living room,3.0,val
bedroom/minimalist/bedroom_minimalist_105.jpg,bedroom,3.5,val
kitchen/modern/kitchen_modern_116.jpg,kitchen,4.5,val
kitchen/modern/kitchen_modern_200.jpg,kitchen,4.5,val
kitchen/modern/kitchen_modern_264.jpg,kitchen,4.5,val
kitchen/boho/kitchen_boho_199.jpg,kitchen,3.2,val
kitchen/modern/kitchen_modern_191.jpg,kitchen,4.5,val
bedroom/minimalist/bedroom_minimalist_76.jpg,bedroom,3.5,val
bedroom/modern/bedroom_modern_193.jpg,bedroom,4.5,val
bedroom/modern/bedroom_modern_188.jpg,bedroom,4.5,val
kitchen/modern/kitchen_modern_181.jpg,kitchen,4.5,val
bedroom/industrial/bedroom_industrial_106.jpg,bedroom,3.0,val
living_room/minimalist/living_room_minimalist_9.jpg,living room,3.5,val
bathroom/modern/bathroom_modern_130.jpg,bathroom,4.5,val
bedroom/minimalist/bedroom_minimalist_115.jpg,bedroom,3.5,val
living_room/boho/living_room_boho_86.jpg,living room,3.2,val
bathroom/industrial/bathroom_industrial_11.jpg,bathroom,3.0,val
kitchen/modern/kitchen_modern_301.jpg,kitchen,4.5,val
bedroom/boho/bedroom_boho_52.jpg,bedroom,3.2,val
kitchen/minimalist/kitchen_minimalist_53.jpg,kitchen,3.5,val
living_room/scandinavian/living_room_scandinavian_92.jpg,living room,4.0,val
kitchen/modern/kitchen_modern_356.jpg,kitchen,4.5,val
bathroom/industrial/bathroom_industrial_36.jpg,bathroom,3.0,val
living_room/modern/living_room_modern_215.jpg,living room,4.5,val
bathroom/scandinavian/bathroom_scandinavian_61.jpg,bathroom,4.0,val
bedroom/minimalist/bedroom_minimalist_139.jpg,bedroom,3.5,val
living_room/minimalist/living_room_minimalist_93.jpg,living room,3.5,val
living_room/boho/living_room_boho_0.jpg,living room,3.2,val
kitchen/industrial/kitchen_industrial_4.jpg,kitchen,3.0,val
living_room/modern/living_room_modern_15.jpg,living room,4.5,val
kitchen/industrial/kitchen_industrial_100.jpg,kitchen,3.0,val
bedroom/minimalist/bedroom_minimalist_163.jpg,bedroom,3.5,val
kitchen/modern/kitchen_modern_48.jpg,kitchen,4.5,val
kitchen/modern/kitchen_modern_211.jpg,kitchen,4.5,val
bedroom/boho/bedroom_boho_115.jpg,bedroom,3.2,val
kitchen/boho/kitchen_boho_116.jpg,kitchen,3.2,val
kitchen/boho/kitchen_boho_115.jpg,kitchen,3.2,val
bedroom/minimalist/bedroom_minimalist_56.jpg,bedroom,3.5,val
kitchen/scandinavian/kitchen_scandinavian_1.jpg,kitchen,4.0,val
kitchen/boho/kitchen_boho_162.jpg,kitchen,3.2,val
bedroom/boho/bedroom_boho_98.jpg,bedroom,3.2,val
bedroom/industrial/bedroom_industrial_176.jpg,bedroom,3.0,val
living_room/industrial/living_room_industrial_145.jpg,living room,3.0,val
kitchen/minimalist/kitchen_minimalist_125.jpg,kitchen,3.5,val
living_room/minimalist/living_room_minimalist_64.jpg,living room,3.5,test
kitchen/minimalist/kitchen_minimalist_158.jpg,kitchen,3.5,test
kitchen/boho/kitchen_boho_133.jpg,kitchen,3.2,test
bedroom/modern/bedroom_modern_149.jpg,bedroom,4.5,test
bathroom/industrial/bathroom_industrial_5.jpg,bathroom,3.0,test
bathroom/industrial/bathroom_industrial_144.jpg,bathroom,3.0,test
kitchen/scandinavian/kitchen_scandinavian_143.jpg,kitchen,4.0,test
living_room/minimalist/living_room_minimalist_94.jpg,living room,3.5,test
living_room/scandinavian/living_room_scandinavian_43.jpg,living room,4.0,test
kitchen/modern/kitchen_modern_74.jpg,kitchen,4.5,test
bathroom/scandinavian/bathroom_scandinavian_103.jpg,bathroom,4.0,test
bedroom/modern/bedroom_modern_90.jpg,bedroom,4.5,test
living_room/modern/living_room_modern_62.jpg,living room,4.5,test
bedroom/scandinavian/bedroom_scandinavian_44.jpg,bedroom,4.0,test
bedroom/modern/bedroom_modern_126.jpg,bedroom,4.5,test
bedroom/boho/bedroom_boho_102.jpg,bedroom,3.2,test
kitchen/modern/kitchen_modern_311.jpg,kitchen,4.5,test
living_room/scandinavian/living_room_scandinavian_123.jpg,living room,4.0,test
kitchen/boho/kitchen_boho_41.jpg,kitchen,3.2,test
living_room/modern/living_room_modern_274.jpg,living room,4.5,test
kitchen/boho/kitchen_boho_34.jpg,kitchen,3.2,test
bedroom/modern/bedroom_modern_39.jpg,bedroom,4.5,test
bedroom/modern/bedroom_modern_74.jpg,bedroom,4.5,test
kitchen/boho/kitchen_boho_363.jpg,kitchen,3.2,test
living_room/minimalist/living_room_minimalist_137.jpg,living room,3.5,test
living_room/minimalist/living_room_minimalist_198.jpg,living room,3.5,test
living_room/boho/living_room_boho_60.jpg,living room,3.2,test
kitchen/minimalist/kitchen_minimalist_83.jpg,kitchen,3.5,test
bathroom/minimalist/bathroom_minimalist_50.jpg,bathroom,3.5,test
bedroom/industrial/bedroom_industrial_187.jpg,bedroom,3.0,test
living_room/scandinavian/living_room_scandinavian_2.jpg,living room,4.0,test
kitchen/industrial/kitchen_industrial_270.jpg,kitchen,3.0,test
kitchen/boho/kitchen_boho_60.jpg,kitchen,3.2,test
living_room/industrial/living_room_industrial_69.jpg,living room,3.0,test
kitchen/minimalist/kitchen_minimalist_40.jpg,kitchen,3.5,test
living_room/minimalist/living_room_minimalist_46.jpg,living room,3.5,test
bathroom/modern/bathroom_modern_26.jpg,bathroom,4.5,test
kitchen/minimalist/kitchen_minimalist_103.jpg,kitchen,3.5,test
bathroom/industrial/bathroom_industrial_95.jpg,bathroom,3.0,test
living_room/industrial/living_room_industrial_0.jpg,living room,3.0,test
kitchen/industrial/kitchen_industrial_70.jpg,kitchen,3.0,test
kitchen/boho/kitchen_boho_309.jpg,kitchen,3.2,test
bedroom/minimalist/bedroom_minimalist_94.jpg,bedroom,3.5,test
living_room/minimalist/living_room_minimalist_174.jpg,living room,3.5,test
bedroom/scandinavian/bedroom_scandinavian_31.jpg,bedroom,4.0,test
kitchen/minimalist/kitchen_minimalist_45.jpg,kitchen,3.5,test
bedroom/modern/bedroom_modern_184.jpg,bedroom,4.5,test
kitchen/scandinavian/kitchen_scandinavian_96.jpg,kitchen,4.0,test
bathroom/minimalist/bathroom_minimalist_117.jpg,bathroom,3.5,test
bathroom/minimalist/bathroom_minimalist_165.jpg,bathroom,3.5,test
bedroom/scandinavian/bedroom_scandinavian_5.jpg,bedroom,4.0,test
bedroom/boho/bedroom_boho_67.jpg,bedroom,3.2,test
kitchen/boho/kitchen_boho_67.jpg,kitchen,3.2,test
bathroom/scandinavian/bathroom_scandinavian_25.jpg,bathroom,4.0,test
kitchen/boho/kitchen_boho_384.jpg,kitchen,3.2,test
living_room/industrial/living_room_industrial_138.jpg,living room,3.0,test
bedroom/modern/bedroom_modern_103.jpg,bedroom,4.5,test
living_room/boho/living_room_boho_139.jpg,living room,3.2,test
bedroom/industrial/bedroom_industrial_152.jpg,bedroom,3.0,test
bedroom/scandinavian/bedroom_scandinavian_132.jpg,bedroom,4.0,test
bedroom/boho/bedroom_boho_127.jpg,bedroom,3.2,test
bathroom/boho/bathroom_boho_56.jpg,bathroom,3.2,test
bathroom/modern/bathroom_modern_106.jpg,bathroom,4.5,test
kitchen/industrial/kitchen_industrial_186.jpg,kitchen,3.0,test
living_room/boho/living_room_boho_131.jpg,living room,3.2,test
living_room/modern/living_room_modern_286.jpg,living room,4.5,test
bathroom/minimalist/bathroom_minimalist_92.jpg,bathroom,3.5,test
bedroom/minimalist/bedroom_minimalist_131.jpg,bedroom,3.5,test
kitchen/industrial/kitchen_industrial_110.jpg,kitchen,3.0,test
living_room/boho/living_room_boho_20.jpg,living room,3.2,test
bathroom/boho/bathroom_boho_110.jpg,bathroom,3.2,test
kitchen/modern/kitchen_modern_299.jpg,kitchen,4.5,test
living_room/modern/living_room_modern_75.jpg,living room,4.5,test
bedroom/scandinavian/bedroom_scandinavian_82.jpg,bedroom,4.0,test
kitchen/modern/kitchen_modern_343.jpg,kitchen,4.5,test
living_room/industrial/living_room_industrial_79.jpg,living room,3.0,test
bedroom/minimalist/bedroom_minimalist_14.jpg,bedroom,3.5,test
living_room/modern/living_room_modern_148.jpg,living room,4.5,test
bathroom/industrial/bathroom_industrial_52.jpg,bathroom,3.0,test
kitchen/modern/kitchen_modern_132.jpg,kitchen,4.5,test
kitchen/boho/kitchen_boho_353.jpg,kitchen,3.2,test
bathroom/scandinavian/bathroom_scandinavian_48.jpg,bathroom,4.0,test
living_room/boho/living_room_boho_116.jpg,living room,3.2,test
living_room/modern/living_room_modern_231.jpg,living room,4.5,test
kitchen/boho/kitchen_boho_39.jpg,kitchen,3.2,test
living_room/industrial/living_room_industrial_139.jpg,living room,3.0,test
kitchen/modern/kitchen_modern_339.jpg,kitchen,4.5,test
living_room/industrial/living_room_industrial_195.jpg,living room,3.0,test
bathroom/boho/bathroom_boho_89.jpg,bathroom,3.2,test
living_room/scandinavian/living_room_scandinavian_164.jpg,living room,4.0,test
living_room/boho/living_room_boho_167.jpg,living room,3.2,test
kitchen/industrial/kitchen_industrial_108.jpg,kitchen,3.0,test
bedroom/modern/bedroom_modern_97.jpg,bedroom,4.5,test
bedroom/minimalist/bedroom_minimalist_99.jpg,bedroom,3.5,test
kitchen/minimalist/kitchen_minimalist_183.jpg,kitchen,3.5,test
bedroom/boho/bedroom_boho_120.jpg,bedroom,3.2,test
kitchen/industrial/kitchen_industrial_194.jpg,kitchen,3.0,test
living_room/scandinavian/living_room_scandinavian_40.jpg,living room,4.0,test
bathroom/scandinavian/bathroom_scandinavian_53.jpg,bathroom,4.0,test
living_room/scandinavian/living_room_scandinavian_104.jpg,living room,4.0,test
kitchen/industrial/kitchen_industrial_156.jpg,kitchen,3.0,test
kitchen/boho/kitchen_boho_112.jpg,kitchen,3.2,test
living_room/scandinavian/living_room_scandinavian_132.jpg,living room,4.0,test
bedroom/industrial/bedroom_industrial_82.jpg,bedroom,3.0,test
living_room/boho/living_room_boho_129.jpg,living room,3.2,test
bathroom/boho/bathroom_boho_81.jpg,bathroom,3.2,test
kitchen/scandinavian/kitchen_scandinavian_81.jpg,kitchen,4.0,test
living_room/boho/living_room_boho_132.jpg,living room,3.2,test
living_room/minimalist/living_room_minimalist_186.jpg,living room,3.5,test
bathroom/boho/bathroom_boho_82.jpg,bathroom,3.2,test
bedroom/modern/bedroom_modern_146.jpg,bedroom,4.5,test
kitchen/boho/kitchen_boho_97.jpg,kitchen,3.2,test
bathroom/modern/bathroom_modern_16.jpg,bathroom,4.5,test
kitchen/modern/kitchen_modern_25.jpg,kitchen,4.5,test
living_room/industrial/living_room_industrial_5.jpg,living room,3.0,test
living_room/boho/living_room_boho_124.jpg,living room,3.2,test
bedroom/boho/bedroom_boho_116.jpg,bedroom,3.2,test
bathroom/minimalist/bathroom_minimalist_131.jpg,bathroom,3.5,test
kitchen/minimalist/kitchen_minimalist_57.jpg,kitchen,3.5,test
kitchen/modern/kitchen_modern_198.jpg,kitchen,4.5,test
kitchen/boho/kitchen_boho_125.jpg,kitchen,3.2,test
living_room/modern/living_room_modern_199.jpg,living room,4.5,test
living_room/boho/living_room_boho_50.jpg,living room,3.2,test
bedroom/scandinavian/bedroom_scandinavian_65.jpg,bedroom,4.0,test
kitchen/boho/kitchen_boho_421.jpg,kitchen,3.2,test
living_room/industrial/living_room_industrial_167.jpg,living room,3.0,test
bedroom/modern/bedroom_modern_104.jpg,bedroom,4.5,test
kitchen/industrial/kitchen_industrial_166.jpg,kitchen,3.0,test
bedroom/industrial/bedroom_industrial_104.jpg,bedroom,3.0,test
bathroom/minimalist/bathroom_minimalist_75.jpg,bathroom,3.5,test
bedroom/industrial/bedroom_industrial_194.jpg,bedroom,3.0,test
bathroom/scandinavian/bathroom_scandinavian_23.jpg,bathroom,4.0,test
bedroom/scandinavian/bedroom_scandinavian_100.jpg,bedroom,4.0,test
kitchen/scandinavian/kitchen_scandinavian_68.jpg,kitchen,4.0,test
kitchen/scandinavian/kitchen_scandinavian_135.jpg,kitchen,4.0,test
kitchen/modern/kitchen_modern_262.jpg,kitchen,4.5,test
kitchen/scandinavian/kitchen_scandinavian_119.jpg,kitchen,4.0,test
bedroom/minimalist/bedroom_minimalist_101.jpg,bedroom,3.5,test
bathroom/modern/bathroom_modern_132.jpg,bathroom,4.5,test
bathroom/minimalist/bathroom_minimalist_62.jpg,bathroom,3.5,test
living_room/modern/living_room_modern_255.jpg,living room,4.5,test
kitchen/modern/kitchen_modern_348.jpg,kitchen,4.5,test
bedroom/modern/bedroom_modern_180.jpg,bedroom,4.5,test
living_room/modern/living_room_modern_188.jpg,living room,4.5,test
bedroom/industrial/bedroom_industrial_11.jpg,bedroom,3.0,test
bedroom/scandinavian/bedroom_scandinavian_64.jpg,bedroom,4.0,test
bedroom/boho/bedroom_boho_121.jpg,bedroom,3.2,test
living_room/minimalist/living_room_minimalist_28.jpg,living room,3.5,test
bathroom/industrial/bathroom_industrial_140.jpg,bathroom,3.0,test
bedroom/industrial/bedroom_industrial_131.jpg,bedroom,3.0,test
living_room/boho/living_room_boho_65.jpg,living room,3.2,test
kitchen/industrial/kitchen_industrial_202.jpg,kitchen,3.0,test
living_room/minimalist/living_room_minimalist_114.jpg,living room,3.5,test
kitchen/modern/kitchen_modern_2.jpg,kitchen,4.5,test
bedroom/industrial/bedroom_industrial_3.jpg,bedroom,3.0,test
bathroom/scandinavian/bathroom_scandinavian_101.jpg,bathroom,4.0,test
kitchen/industrial/kitchen_industrial_17.jpg,kitchen,3.0,test
living_room/boho/living_room_boho_18.jpg,living room,3.2,test
kitchen/modern/kitchen_modern_67.jpg,kitchen,4.5,test
living_room/modern/living_room_modern_177.jpg,living room,4.5,test
bedroom/minimalist/bedroom_minimalist_159.jpg,bedroom,3.5,test
kitchen/boho/kitchen_boho_348.jpg,kitchen,3.2,test
bathroom/industrial/bathroom_industrial_13.jpg,bathroom,3.0,test
kitchen/boho/kitchen_boho_81.jpg,kitchen,3.2,test
kitchen/modern/kitchen_modern_107.jpg,kitchen,4.5,test
bathroom/industrial/bathroom_industrial_80.jpg,bathroom,3.0,test
bedroom/minimalist/bedroom_minimalist_157.jpg,bedroom,3.5,test
kitchen/boho/kitchen_boho_180.jpg,kitchen,3.2,test
bedroom/minimalist/bedroom_minimalist_86.jpg,bedroom,3.5,test
kitchen/modern/kitchen_modern_122.jpg,kitchen,4.5,test
living_room/minimalist/living_room_minimalist_202.jpg,living room,3.5,test
living_room/scandinavian/living_room_scandinavian_9.jpg,living room,4.0,test
living_room/boho/living_room_boho_61.jpg,living room,3.2,test
bathroom/modern/bathroom_modern_6.jpg,bathroom,4.5,test
bathroom/industrial/bathroom_industrial_87.jpg,bathroom,3.0,test
bathroom/boho/bathroom_boho_117.jpg,bathroom,3.2,test
kitchen/boho/kitchen_boho_170.jpg,kitchen,3.2,test
kitchen/modern/kitchen_modern_328.jpg,kitchen,4.5,test
kitchen/modern/kitchen_modern_260.jpg,kitchen,4.5,test
living_room/boho/living_room_boho_162.jpg,living room,3.2,test
living_room/modern/living_room_modern_189.jpg,living room,4.5,test
kitchen/scandinavian/kitchen_scandinavian_102.jpg,kitchen,4.0,test
kitchen/boho/kitchen_boho_62.jpg,kitchen,3.2,test
kitchen/industrial/kitchen_industrial_92.jpg,kitchen,3.0,test
bathroom/boho/bathroom_boho_43.jpg,bathroom,3.2,test
bedroom/modern/bedroom_modern_5.jpg,bedroom,4.5,test
living_room/scandinavian/living_room_scandinavian_35.jpg,living room,4.0,test
kitchen/scandinavian/kitchen_scandinavian_74.jpg,kitchen,4.0,test
kitchen/boho/kitchen_boho_411.jpg,kitchen,3.2,test
kitchen/scandinavian/kitchen_scandinavian_137.jpg,kitchen,4.0,test
bedroom/minimalist/bedroom_minimalist_39.jpg,bedroom,3.5,test
kitchen/industrial/kitchen_industrial_67.jpg,kitchen,3.0,test
bedroom/minimalist/bedroom_minimalist_53.jpg,bedroom,3.5,test
bathroom/scandinavian/bathroom_scandinavian_49.jpg,bathroom,4.0,test
bedroom/minimalist/bedroom_minimalist_91.jpg,bedroom,3.5,test
kitchen/industrial/kitchen_industrial_77.jpg,kitchen,3.0,test
bedroom/industrial/bedroom_industrial_22.jpg,bedroom,3.0,test
kitchen/minimalist/kitchen_minimalist_9.jpg,kitchen,3.5,test
kitchen/modern/kitchen_modern_296.jpg,kitchen,4.5,test
bedroom/minimalist/bedroom_minimalist_110.jpg,bedroom,3.5,test
living_room/industrial/living_room_industrial_9.jpg,living room,3.0,test
kitchen/boho/kitchen_boho_3.jpg,kitchen,3.2,test
living_room/boho/living_room_boho_93.jpg,living room,3.2,test
bedroom/boho/bedroom_boho_25.jpg,bedroom,3.2,test
bedroom/industrial/bedroom_industrial_132.jpg,bedroom,3.0,test
kitchen/scandinavian/kitchen_scandinavian_50.jpg,kitchen,4.0,test
bathroom/scandinavian/bathroom_scandinavian_105.jpg,bathroom,4.0,test
bedroom/boho/bedroom_boho_45.jpg,bedroom,3.2,test
living_room/scandinavian/living_room_scandinavian_50.jpg,living room,4.0,test
bedroom/industrial/bedroom_industrial_182.jpg,bedroom,3.0,test
kitchen/minimalist/kitchen_minimalist_46.jpg,kitchen,3.5,test
kitchen/boho/kitchen_boho_66.jpg,kitchen,3.2,test
kitchen/industrial/kitchen_industrial_25.jpg,kitchen,3.0,test
bedroom/industrial/bedroom_industrial_54.jpg,bedroom,3.0,test
bathroom/minimalist/bathroom_minimalist_54.jpg,bathroom,3.5,test
bathroom/boho/bathroom_boho_10.jpg,bathroom,3.2,test
living_room/modern/living_room_modern_29.jpg,living room,4.5,test
bedroom/modern/bedroom_modern_143.jpg,bedroom,4.5,test
living_room/modern/living_room_modern_281.jpg,living room,4.5,test
living_room/boho/living_room_boho_172.jpg,living room,3.2,test
bathroom/scandinavian/bathroom_scandinavian_109.jpg,bathroom,4.0,test
living_room/boho/living_room_boho_173.jpg,living room,3.2,test
living_room/industrial/living_room_industrial_190.jpg,living room,3.0,test
kitchen/minimalist/kitchen_minimalist_127.jpg,kitchen,3.5,test
kitchen/industrial/kitchen_industrial_163.jpg,kitchen,3.0,test
living_room/boho/living_room_boho_99.jpg,living room,3.2,test
living_room/modern/living_room_modern_141.jpg,living room,4.5,test
bathroom/industrial/bathroom_industrial_78.jpg,bathroom,3.0,test
bathroom/modern/bathroom_modern_118.jpg,bathroom,4.5,test
living_room/scandinavian/living_room_scandinavian_117.jpg,living room,4.0,test
living_room/industrial/living_room_industrial_159.jpg,living room,3.0,test
bedroom/modern/bedroom_modern_62.jpg,bedroom,4.5,test
bathroom/boho/bathroom_boho_79.jpg,bathroom,3.2,test
kitchen/modern/kitchen_modern_65.jpg,kitchen,4.5,test
kitchen/boho/kitchen_boho_150.jpg,kitchen,3.2,test
living_room/modern/living_room_modern_150.jpg,living room,4.5,test
living_room/minimalist/living_room_minimalist_18.jpg,living room,3.5,test
bedroom/scandinavian/bedroom_scandinavian_138.jpg,bedroom,4.0,test
kitchen/industrial/kitchen_industrial_19.jpg,kitchen,3.0,test
living_room/industrial/living_room_industrial_75.jpg,living room,3.0,test
bedroom/minimalist/bedroom_minimalist_175.jpg,bedroom,3.5,test
kitchen/industrial/kitchen_industrial_167.jpg,kitchen,3.0,test
living_room/modern/living_room_modern_172.jpg,living room,4.5,test
bathroom/industrial/bathroom_industrial_82.jpg,bathroom,3.0,test
kitchen/industrial/kitchen_industrial_139.jpg,kitchen,3.0,test
bedroom/modern/bedroom_modern_47.jpg,bedroom,4.5,test
living_room/modern/living_room_modern_109.jpg,living room,4.5,test
kitchen/modern/kitchen_modern_6.jpg,kitchen,4.5,test
kitchen/modern/kitchen_modern_46.jpg,kitchen,4.5,test
living_room/industrial/living_room_industrial_88.jpg,living room,3.0,test
kitchen/boho/kitchen_boho_25.jpg,kitchen,3.2,test
kitchen/scandinavian/kitchen_scandinavian_34.jpg,kitchen,4.0,test
living_room/modern/living_room_modern_57.jpg,living room,4.5,test
kitchen/industrial/kitchen_industrial_236.jpg,kitchen,3.0,test
living_room/scandinavian/living_room_scandinavian_22.jpg,living room,4.0,test
bedroom/boho/bedroom_boho_34.jpg,bedroom,3.2,test
bedroom/minimalist/bedroom_minimalist_74.jpg,bedroom,3.5,test
bedroom/scandinavian/bedroom_scandinavian_112.jpg,bedroom,4.0,test
bedroom/minimalist/bedroom_minimalist_158.jpg,bedroom,3.5,test
bedroom/scandinavian/bedroom_scandinavian_58.jpg,bedroom,4.0,test
bathroom/modern/bathroom_modern_92.jpg,bathroom,4.5,test
bedroom/scandinavian/bedroom_scandinavian_34.jpg,bedroom,4.0,test
living_room/modern/living_room_modern_259.jpg,living room,4.5,test
living_room/industrial/living_room_industrial_196.jpg,living room,3.0,test
kitchen/boho/kitchen_boho_265.jpg,kitchen,3.2,test
living_room/boho/living_room_boho_22.jpg,living room,3.2,test
kitchen/minimalist/kitchen_minimalist_55.jpg,kitchen,3.5,test
kitchen/modern/kitchen_modern_381.jpg,kitchen,4.5,test
bedroom/scandinavian/bedroom_scandinavian_84.jpg,bedroom,4.0,test
kitchen/industrial/kitchen_industrial_171.jpg,kitchen,3.0,test
bedroom/scandinavian/bedroom_scandinavian_11.jpg,bedroom,4.0,test
bathroom/modern/bathroom_modern_128.jpg,bathroom,4.5,test
living_room/modern/living_room_modern_119.jpg,living room,4.5,test
kitchen/boho/kitchen_boho_118.jpg,kitchen,3.2,test
kitchen/modern/kitchen_modern_341.jpg,kitchen,4.5,test
bedroom/industrial/bedroom_industrial_112.jpg,bedroom,3.0,test
kitchen/minimalist/kitchen_minimalist_163.jpg,kitchen,3.5,test
living_room/boho/living_room_boho_177.jpg,living room,3.2,test
living_room/modern/living_room_modern_282.jpg,living room,4.5,test
kitchen/modern/kitchen_modern_104.jpg,kitchen,4.5,test
kitchen/modern/kitchen_modern_241.jpg,kitchen,4.5,test
living_room/modern/living_room_modern_294.jpg,living room,4.5,test
kitchen/scandinavian/kitchen_scandinavian_71.jpg,kitchen,4.0,test
kitchen/boho/kitchen_boho_82.jpg,kitchen,3.2,test
bathroom/boho/bathroom_boho_85.jpg,bathroom,3.2,test
kitchen/modern/kitchen_modern_106.jpg,kitchen,4.5,test
living_room/boho/living_room_boho_24.jpg,living room,3.2,test
bathroom/minimalist/bathroom_minimalist_22.jpg,bathroom,3.5,test
kitchen/boho/kitchen_boho_256.jpg,kitchen,3.2,test
kitchen/industrial/kitchen_industrial_174.jpg,kitchen,3.0,test
bathroom/industrial/bathroom_industrial_154.jpg,bathroom,3.0,test
bedroom/modern/bedroom_modern_176.jpg,bedroom,4.5,test
bathroom/modern/bathroom_modern_59.jpg,bathroom,4.5,test
kitchen/modern/kitchen_modern_53.jpg,kitchen,4.5,test
living_room/boho/living_room_boho_94.jpg,living room,3.2,test
kitchen/minimalist/kitchen_minimalist_156.jpg,kitchen,3.5,test
living_room/scandinavian/living_room_scandinavian_33.jpg,living room,4.0,test
kitchen/modern/kitchen_modern_219.jpg,kitchen,4.5,test
living_room/modern/living_room_modern_156.jpg,living room,4.5,test
living_room/modern/living_room_modern_221.jpg,living room,4.5,test
kitchen/boho/kitchen_boho_109.jpg,kitchen,3.2,test
living_room/scandinavian/living_room_scandinavian_38.jpg,living room,4.0,test
bathroom/scandinavian/bathroom_scandinavian_13.jpg,bathroom,4.0,test
living_room/boho/living_room_boho_34.jpg,living room,3.2,test
bathroom/minimalist/bathroom_minimalist_30.jpg,bathroom,3.5,test
bedroom/industrial/bedroom_industrial_113.jpg,bedroom,3.0,test
bedroom/boho/bedroom_boho_49.jpg,bedroom,3.2,test
living_room/modern/living_room_modern_27.jpg,living room,4.5,test
kitchen/minimalist/kitchen_minimalist_33.jpg,kitchen,3.5,test
bathroom/boho/bathroom_boho_36.jpg,bathroom,3.2,test
kitchen/boho/kitchen_boho_132.jpg,kitchen,3.2,test
kitchen/industrial/kitchen_industrial_91.jpg,kitchen,3.0,test
kitchen/modern/kitchen_modern_254.jpg,kitchen,4.5,test
kitchen/boho/kitchen_boho_249.jpg,kitchen,3.2,test
living_room/minimalist/living_room_minimalist_146.jpg,living room,3.5,test
bedroom/scandinavian/bedroom_scandinavian_110.jpg,bedroom,4.0,test
living_room/industrial/living_room_industrial_94.jpg,living room,3.0,test
bathroom/minimalist/bathroom_minimalist_20.jpg,bathroom,3.5,test
bedroom/scandinavian/bedroom_scandinavian_87.jpg,bedroom,4.0,test
living_room/minimalist/living_room_minimalist_122.jpg,living room,3.5,test
bathroom/modern/bathroom_modern_123.jpg,bathroom,4.5,test
kitchen/industrial/kitchen_industrial_296.jpg,kitchen,3.0,test
kitchen/modern/kitchen_modern_31.jpg,kitchen,4.5,test
bedroom/modern/bedroom_modern_129.jpg,bedroom,4.5,test
kitchen/boho/kitchen_boho_83.jpg,kitchen,3.2,test
kitchen/minimalist/kitchen_minimalist_81.jpg,kitchen,3.5,test
bedroom/industrial/bedroom_industrial_148.jpg,bedroom,3.0,test
bedroom/minimalist/bedroom_minimalist_54.jpg,bedroom,3.5,test
bathroom/minimalist/bathroom_minimalist_45.jpg,bathroom,3.5,test
kitchen/modern/kitchen_modern_337.jpg,kitchen,4.5,test
bathroom/industrial/bathroom_industrial_126.jpg,bathroom,3.0,test
kitchen/boho/kitchen_boho_426.jpg,kitchen,3.2,test
bathroom/industrial/bathroom_industrial_45.jpg,bathroom,3.0,test
kitchen/modern/kitchen_modern_62.jpg,kitchen,4.5,test
kitchen/boho/kitchen_boho_244.jpg,kitchen,3.2,test
kitchen/modern/kitchen_modern_357.jpg,kitchen,4.5,test
kitchen/boho/kitchen_boho_310.jpg,kitchen,3.2,test
kitchen/boho/kitchen_boho_164.jpg,kitchen,3.2,test
living_room/industrial/living_room_industrial_96.jpg,living room,3.0,test
living_room/boho/living_room_boho_21.jpg,living room,3.2,test
kitchen/industrial/kitchen_industrial_85.jpg,kitchen,3.0,test
bathroom/modern/bathroom_modern_84.jpg,bathroom,4.5,test
living_room/industrial/living_room_industrial_31.jpg,living room,3.0,test
kitchen/scandinavian/kitchen_scandinavian_75.jpg,kitchen,4.0,test
kitchen/industrial/kitchen_industrial_235.jpg,kitchen,3.0,test
bedroom/modern/bedroom_modern_174.jpg,bedroom,4.5,test
living_room/modern/living_room_modern_238.jpg,living room,4.5,test
bathroom/minimalist/bathroom_minimalist_8.jpg,bathroom,3.5,test
bedroom/minimalist/bedroom_minimalist_166.jpg,bedroom,3.5,test
bathroom/boho/bathroom_boho_72.jpg,bathroom,3.2,test
living_room/scandinavian/living_room_scandinavian_42.jpg,living room,4.0,test
bedroom/scandinavian/bedroom_scandinavian_111.jpg,bedroom,4.0,test
living_room/minimalist/living_room_minimalist_116.jpg,living room,3.5,test
living_room/minimalist/living_room_minimalist_112.jpg,living room,3.5,test
bathroom/boho/bathroom_boho_87.jpg,bathroom,3.2,test
kitchen/boho/kitchen_boho_27.jpg,kitchen,3.2,test
living_room/industrial/living_room_industrial_74.jpg,living room,3.0,test
kitchen/boho/kitchen_boho_380.jpg,kitchen,3.2,test
living_room/industrial/living_room_industrial_173.jpg,living room,3.0,test
bathroom/industrial/bathroom_industrial_153.jpg,bathroom,3.0,test
kitchen/minimalist/kitchen_minimalist_50.jpg,kitchen,3.5,test
kitchen/modern/kitchen_modern_300.jpg,kitchen,4.5,test
kitchen/boho/kitchen_boho_103.jpg,kitchen,3.2,test
bathroom/boho/bathroom_boho_1.jpg,bathroom,3.2,test
bathroom/minimalist/bathroom_minimalist_7.jpg,bathroom,3.5,test
bathroom/scandinavian/bathroom_scandinavian_104.jpg,bathroom,4.0,test
living_room/boho/living_room_boho_149.jpg,living room,3.2,test
bedroom/boho/bedroom_boho_96.jpg,bedroom,3.2,test
kitchen/boho/kitchen_boho_46.jpg,kitchen,3.2,test
kitchen/modern/kitchen_modern_269.jpg,kitchen,4.5,test
bathroom/scandinavian/bathroom_scandinavian_15.jpg,bathroom,4.0,test
living_room/modern/living_room_modern_4.jpg,living room,4.5,test
bathroom/industrial/bathroom_industrial_62.jpg,bathroom,3.0,test
kitchen/scandinavian/kitchen_scandinavian_46.jpg,kitchen,4.0,test
living_room/boho/living_room_boho_168.jpg,living room,3.2,test
kitchen/industrial/kitchen_industrial_216.jpg,kitchen,3.0,test
living_room/scandinavian/living_room_scandinavian_24.jpg,living room,4.0,test
kitchen/boho/kitchen_boho_321.jpg,kitchen,3.2,test
kitchen/modern/kitchen_modern_192.jpg,kitchen,4.5,test
kitchen/boho/kitchen_boho_415.jpg,kitchen,3.2,test
living_room/minimalist/living_room_minimalist_21.jpg,living room,3.5,test
living_room/scandinavian/living_room_scandinavian_156.jpg,living room,4.0,test
bedroom/minimalist/bedroom_minimalist_87.jpg,bedroom,3.5,test
bedroom/minimalist/bedroom_minimalist_89.jpg,bedroom,3.5,test
kitchen/boho/kitchen_boho_385.jpg,kitchen,3.2,test
bedroom/minimalist/bedroom_minimalist_6.jpg,bedroom,3.5,test
bedroom/scandinavian/bedroom_scandinavian_99.jpg,bedroom,4.0,test
kitchen/modern/kitchen_modern_126.jpg,kitchen,4.5,test
kitchen/industrial/kitchen_industrial_83.jpg,kitchen,3.0,test
bedroom/minimalist/bedroom_minimalist_55.jpg,bedroom,3.5,test
kitchen/modern/kitchen_modern_131.jpg,kitchen,4.5,test
kitchen/minimalist/kitchen_minimalist_62.jpg,kitchen,3.5,test
bathroom/minimalist/bathroom_minimalist_159.jpg,bathroom,3.5,test
living_room/scandinavian/living_room_scandinavian_31.jpg,living room,4.0,test
kitchen/modern/kitchen_modern_168.jpg,kitchen,4.5,test
living_room/modern/living_room_modern_169.jpg,living room,4.5,test
kitchen/minimalist/kitchen_minimalist_17.jpg,kitchen,3.5,test
kitchen/modern/kitchen_modern_332.jpg,kitchen,4.5,test
kitchen/scandinavian/kitchen_scandinavian_108.jpg,kitchen,4.0,test
living_room/scandinavian/living_room_scandinavian_112.jpg,living room,4.0,test
kitchen/industrial/kitchen_industrial_41.jpg,kitchen,3.0,test
bedroom/minimalist/bedroom_minimalist_2.jpg,bedroom,3.5,test
living_room/industrial/living_room_industrial_114.jpg,living room,3.0,test
kitchen/boho/kitchen_boho_2.jpg,kitchen,3.2,test
bathroom/industrial/bathroom_industrial_70.jpg,bathroom,3.0,test
kitchen/modern/kitchen_modern_41.jpg,kitchen,4.5,test
living_room/modern/living_room_modern_257.jpg,living room,4.5,test
kitchen/minimalist/kitchen_minimalist_75.jpg,kitchen,3.5,test
bedroom/scandinavian/bedroom_scandinavian_59.jpg,bedroom,4.0,test
bathroom/minimalist/bathroom_minimalist_85.jpg,bathroom,3.5,test
living_room/modern/living_room_modern_211.jpg,living room,4.5,test
kitchen/boho/kitchen_boho_91.jpg,kitchen,3.2,test
kitchen/modern/kitchen_modern_209.jpg,kitchen,4.5,test
bathroom/modern/bathroom_modern_60.jpg,bathroom,4.5,test
kitchen/industrial/kitchen_industrial_49.jpg,kitchen,3.0,test
kitchen/minimalist/kitchen_minimalist_76.jpg,kitchen,3.5,test
living_room/industrial/living_room_industrial_73.jpg,living room,3.0,test
bedroom/modern/bedroom_modern_199.jpg,bedroom,4.5,test
bathroom/industrial/bathroom_industrial_123.jpg,bathroom,3.0,test
bedroom/scandinavian/bedroom_scandinavian_49.jpg,bedroom,4.0,test
bathroom/minimalist/bathroom_minimalist_143.jpg,bathroom,3.5,test
living_room/modern/living_room_modern_265.jpg,living room,4.5,test
bedroom/modern/bedroom_modern_86.jpg,bedroom,4.5,test
bedroom/modern/bedroom_modern_3.jpg,bedroom,4.5,test
kitchen/boho/kitchen_boho_307.jpg,kitchen,3.2,test
living_room/scandinavian/living_room_scandinavian_150.jpg,living room,4.0,test
living_room/minimalist/living_room_minimalist_40.jpg,living room,3.5,test
kitchen/modern/kitchen_modern_113.jpg,kitchen,4.5,test
kitchen/boho/kitchen_boho_315.jpg,kitchen,3.2,test
bedroom/industrial/bedroom_industrial_13.jpg,bedroom,3.0,test
kitchen/scandinavian/kitchen_scandinavian_104.jpg,kitchen,4.0,test
living_room/modern/living_room_modern_205.jpg,living room,4.5,test
bedroom/modern/bedroom_modern_168.jpg,bedroom,4.5,test
living_room/scandinavian/living_room_scandinavian_8.jpg,living room,4.0,test
living_room/minimalist/living_room_minimalist_189.jpg,living room,3.5,test
bedroom/industrial/bedroom_industrial_74.jpg,bedroom,3.0,test
kitchen/modern/kitchen_modern_231.jpg,kitchen,4.5,test
living_room/industrial/living_room_industrial_166.jpg,living room,3.0,test
bedroom/industrial/bedroom_industrial_196.jpg,bedroom,3.0,test
bathroom/modern/bathroom_modern_100.jpg,bathroom,4.5,test
kitchen/modern/kitchen_modern_360.jpg,kitchen,4.5,test
bedroom/boho/bedroom_boho_16.jpg,bedroom,3.2,test
kitchen/industrial/kitchen_industrial_197.jpg,kitchen,3.0,test
living_room/scandinavian/living_room_scandinavian_19.jpg,living room,4.0,test
bedroom/boho/bedroom_boho_0.jpg,bedroom,3.2,test
living_room/minimalist/living_room_minimalist_171.jpg,living room,3.5,test
living_room/minimalist/living_room_minimalist_104.jpg,living room,3.5,test
bedroom/industrial/bedroom_industrial_24.jpg,bedroom,3.0,test
living_room/industrial/living_room_industrial_2.jpg,living room,3.0,test
kitchen/scandinavian/kitchen_scandinavian_65.jpg,kitchen,4.0,test
kitchen/scandinavian/kitchen_scandinavian_15.jpg,kitchen,4.0,test
living_room/modern/living_room_modern_262.jpg,living room,4.5,test
kitchen/industrial/kitchen_industrial_10.jpg,kitchen,3.0,test
kitchen/scandinavian/kitchen_scandinavian_107.jpg,kitchen,4.0,test
kitchen/industrial/kitchen_industrial_46.jpg,kitchen,3.0,test
kitchen/minimalist/kitchen_minimalist_169.jpg,kitchen,3.5,test
bedroom/modern/bedroom_modern_98.jpg,bedroom,4.5,test
bedroom/boho/bedroom_boho_55.jpg,bedroom,3.2,test
living_room/minimalist/living_room_minimalist_72.jpg,living room,3.5,test
living_room/modern/living_room_modern_220.jpg,living room,4.5,test
bedroom/modern/bedroom_modern_71.jpg,bedroom,4.5,test
bedroom/modern/bedroom_modern_139.jpg,bedroom,4.5,test
bathroom/minimalist/bathroom_minimalist_127.jpg,bathroom,3.5,test
bathroom/industrial/bathroom_industrial_150.jpg,bathroom,3.0,test
bedroom/minimalist/bedroom_minimalist_72.jpg,bedroom,3.5,test
living_room/modern/living_room_modern_51.jpg,living room,4.5,test
kitchen/minimalist/kitchen_minimalist_27.jpg,kitchen,3.5,test
kitchen/boho/kitchen_boho_9.jpg,kitchen,3.2,test
living_room/modern/living_room_modern_293.jpg,living room,4.5,test
bedroom/minimalist/bedroom_minimalist_30.jpg,bedroom,3.5,test
living_room/minimalist/living_room_minimalist_88.jpg,living room,3.5,test
kitchen/minimalist/kitchen_minimalist_146.jpg,kitchen,3.5,test
kitchen/boho/kitchen_boho_292.jpg,kitchen,3.2,test
bedroom/industrial/bedroom_industrial_95.jpg,bedroom,3.0,test
living_room/scandinavian/living_room_scandinavian_137.jpg,living room,4.0,test
kitchen/modern/kitchen_modern_22.jpg,kitchen,4.5,test
bathroom/minimalist/bathroom_minimalist_49.jpg,bathroom,3.5,test
kitchen/modern/kitchen_modern_223.jpg,kitchen,4.5,test
living_room/scandinavian/living_room_scandinavian_147.jpg,living room,4.0,test
bathroom/modern/bathroom_modern_36.jpg,bathroom,4.5,test
bathroom/boho/bathroom_boho_119.jpg,bathroom,3.2,test
kitchen/industrial/kitchen_industrial_233.jpg,kitchen,3.0,test
kitchen/scandinavian/kitchen_scandinavian_13.jpg,kitchen,4.0,test
bedroom/minimalist/bedroom_minimalist_90.jpg,bedroom,3.5,test
bedroom/industrial/bedroom_industrial_168.jpg,bedroom,3.0,test
living_room/industrial/living_room_industrial_18.jpg,living room,3.0,test
living_room/scandinavian/living_room_scandinavian_30.jpg,living room,4.0,test
living_room/modern/living_room_modern_23.jpg,living room,4.5,test
bathroom/minimalist/bathroom_minimalist_140.jpg,bathroom,3.5,test
kitchen/industrial/kitchen_industrial_240.jpg,kitchen,3.0,test
kitchen/industrial/kitchen_industrial_29.jpg,kitchen,3.0,test
kitchen/minimalist/kitchen_minimalist_12.jpg,kitchen,3.5,test
bathroom/scandinavian/bathroom_scandinavian_64.jpg,bathroom,4.0,test
living_room/modern/living_room_modern_184.jpg,living room,4.5,test
kitchen/boho/kitchen_boho_23.jpg,kitchen,3.2,test
bathroom/industrial/bathroom_industrial_48.jpg,bathroom,3.0,test
bedroom/industrial/bedroom_industrial_97.jpg,bedroom,3.0,test
kitchen/industrial/kitchen_industrial_8.jpg,kitchen,3.0,test
kitchen/scandinavian/kitchen_scandinavian_122.jpg,kitchen,4.0,test
living_room/boho/living_room_boho_56.jpg,living room,3.2,test
bathroom/industrial/bathroom_industrial_51.jpg,bathroom,3.0,test
bedroom/modern/bedroom_modern_181.jpg,bedroom,4.5,test
kitchen/boho/kitchen_boho_40.jpg,kitchen,3.2,test
living_room/modern/living_room_modern_118.jpg,living room,4.5,test
living_room/minimalist/living_room_minimalist_77.jpg,living room,3.5,test
living_room/minimalist/living_room_minimalist_52.jpg,living room,3.5,test
bedroom/scandinavian/bedroom_scandinavian_135.jpg,bedroom,4.0,test
bathroom/modern/bathroom_modern_20.jpg,bathroom,4.5,test
kitchen/modern/kitchen_modern_288.jpg,kitchen,4.5,test
bedroom/industrial/bedroom_industrial_99.jpg,bedroom,3.0,test
bathroom/scandinavian/bathroom_scandinavian_67.jpg,bathroom,4.0,test
kitchen/boho/kitchen_boho_299.jpg,kitchen,3.2,test
bathroom/modern/bathroom_modern_50.jpg,bathroom,4.5,test
bedroom/boho/bedroom_boho_79.jpg,bedroom,3.2,test
kitchen/modern/kitchen_modern_302.jpg,kitchen,4.5,test
bathroom/industrial/bathroom_industrial_0.jpg,bathroom,3.0,test
bathroom/modern/bathroom_modern_97.jpg,bathroom,4.5,test
bathroom/boho/bathroom_boho_53.jpg,bathroom,3.2,test
kitchen/boho/kitchen_boho_382.jpg,kitchen,3.2,test
bedroom/industrial/bedroom_industrial_140.jpg,bedroom,3.0,test
living_room/scandinavian/living_room_scandinavian_70.jpg,living room,4.0,test
bathroom/modern/bathroom_modern_88.jpg,bathroom,4.5,test
kitchen/boho/kitchen_boho_250.jpg,kitchen,3.2,test
bathroom/industrial/bathroom_industrial_109.jpg,bathroom,3.0,test
bathroom/minimalist/bathroom_minimalist_83.jpg,bathroom,3.5,test
bathroom/boho/bathroom_boho_22.jpg,bathroom,3.2,test
bathroom/industrial/bathroom_industrial_4.jpg,bathroom,3.0,test
living_room/industrial/living_room_industrial_55.jpg,living room,3.0,test
bedroom/industrial/bedroom_industrial_200.jpg,bedroom,3.0,test
kitchen/boho/kitchen_boho_167.jpg,kitchen,3.2,test
bedroom/boho/bedroom_boho_73.jpg,bedroom,3.2,test
living_room/scandinavian/living_room_scandinavian_29.jpg,living room,4.0,test
bedroom/boho/bedroom_boho_41.jpg,bedroom,3.2,test
bedroom/minimalist/bedroom_minimalist_164.jpg,bedroom,3.5,test
kitchen/industrial/kitchen_industrial_179.jpg,kitchen,3.0,test
kitchen/industrial/kitchen_industrial_114.jpg,kitchen,3.0,test
bedroom/industrial/bedroom_industrial_32.jpg,bedroom,3.0,test
kitchen/industrial/kitchen_industrial_136.jpg,kitchen,3.0,test
living_room/industrial/living_room_industrial_42.jpg,living room,3.0,test
bathroom/scandinavian/bathroom_scandinavian_22.jpg,bathroom,4.0,test
kitchen/scandinavian/kitchen_scandinavian_22.jpg,kitchen,4.0,test
living_room/modern/living_room_modern_66.jpg,living room,4.5,test
bedroom/industrial/bedroom_industrial_122.jpg,bedroom,3.0,test
bedroom/scandinavian/bedroom_scandinavian_79.jpg,bedroom,4.0,test
bedroom/industrial/bedroom_industrial_103.jpg,bedroom,3.0,test
bathroom/modern/bathroom_modern_86.jpg,bathroom,4.5,test
kitchen/boho/kitchen_boho_138.jpg,kitchen,3.2,test
living_room/boho/living_room_boho_12.jpg,living room,3.2,test
kitchen/boho/kitchen_boho_283.jpg,kitchen,3.2,test
kitchen/modern/kitchen_modern_37.jpg,kitchen,4.5,test
bedroom/boho/bedroom_boho_30.jpg,bedroom,3.2,test
living_room/minimalist/living_room_minimalist_14.jpg,living room,3.5,test
bathroom/boho/bathroom_boho_67.jpg,bathroom,3.2,test
bedroom/minimalist/bedroom_minimalist_43.jpg,bedroom,3.5,test
bathroom/minimalist/bathroom_minimalist_51.jpg,bathroom,3.5,test
living_room/modern/living_room_modern_242.jpg,living room,4.5,test
bedroom/scandinavian/bedroom_scandinavian_130.jpg,bedroom,4.0,test
living_room/boho/living_room_boho_40.jpg,living room,3.2,test
kitchen/minimalist/kitchen_minimalist_82.jpg,kitchen,3.5,test
living_room/scandinavian/living_room_scandinavian_157.jpg,living room,4.0,test
kitchen/boho/kitchen_boho_408.jpg,kitchen,3.2,test
kitchen/modern/kitchen_modern_81.jpg,kitchen,4.5,test
living_room/minimalist/living_room_minimalist_48.jpg,living room,3.5,test
bedroom/minimalist/bedroom_minimalist_32.jpg,bedroom,3.5,test
bedroom/scandinavian/bedroom_scandinavian_2.jpg,bedroom,4.0,test
living_room/boho/living_room_boho_38.jpg,living room,3.2,test
bathroom/industrial/bathroom_industrial_129.jpg,bathroom,3.0,test
kitchen/boho/kitchen_boho_237.jpg,kitchen,3.2,test
living_room/modern/living_room_modern_206.jpg,living room,4.5,test
living_room/industrial/living_room_industrial_171.jpg,living room,3.0,test
bedroom/boho/bedroom_boho_8.jpg,bedroom,3.2,test
living_room/modern/living_room_modern_195.jpg,living room,4.5,test
bathroom/modern/bathroom_modern_72.jpg,bathroom,4.5,test
living_room/industrial/living_room_industrial_6.jpg,living room,3.0,test
kitchen/boho/kitchen_boho_148.jpg,kitchen,3.2,test
kitchen/modern/kitchen_modern_293.jpg,kitchen,4.5,test
kitchen/scandinavian/kitchen_scandinavian_120.jpg,kitchen,4.0,test
living_room/modern/living_room_modern_94.jpg,living room,4.5,test
kitchen/industrial/kitchen_industrial_178.jpg,kitchen,3.0,test
kitchen/industrial/kitchen_industrial_3.jpg,kitchen,3.0,test
kitchen/modern/kitchen_modern_20.jpg,kitchen,4.5,test
living_room/industrial/living_room_industrial_76.jpg,living room,3.0,test
kitchen/industrial/kitchen_industrial_226.jpg,kitchen,3.0,test
bathroom/minimalist/bathroom_minimalist_116.jpg,bathroom,3.5,test
living_room/boho/living_room_boho_11.jpg,living room,3.2,test
bedroom/minimalist/bedroom_minimalist_127.jpg,bedroom,3.5,test
kitchen/scandinavian/kitchen_scandinavian_54.jpg,kitchen,4.0,test
kitchen/modern/kitchen_modern_60.jpg,kitchen,4.5,test
living_room/industrial/living_room_industrial_85.jpg,living room,3.0,test
living_room/modern/living_room_modern_112.jpg,living room,4.5,test
bathroom/modern/bathroom_modern_51.jpg,bathroom,4.5,test
living_room/scandinavian/living_room_scandinavian_44.jpg,living room,4.0,test
bathroom/scandinavian/bathroom_scandinavian_21.jpg,bathroom,4.0,test
kitchen/modern/kitchen_modern_298.jpg,kitchen,4.5,test
kitchen/modern/kitchen_modern_68.jpg,kitchen,4.5,test
living_room/boho/living_room_boho_53.jpg,living room,3.2,test
living_room/modern/living_room_modern_224.jpg,living room,4.5,test
bedroom/industrial/bedroom_industrial_110.jpg,bedroom,3.0,test
kitchen/boho/kitchen_boho_59.jpg,kitchen,3.2,test
bathroom/industrial/bathroom_industrial_110.jpg,bathroom,3.0,test
living_room/modern/living_room_modern_236.jpg,living room,4.5,test
kitchen/boho/kitchen_boho_171.jpg,kitchen,3.2,test
bathroom/scandinavian/bathroom_scandinavian_7.jpg,bathroom,4.0,test
kitchen/modern/kitchen_modern_207.jpg,kitchen,4.5,test
bedroom/modern/bedroom_modern_63.jpg,bedroom,4.5,test
kitchen/minimalist/kitchen_minimalist_106.jpg,kitchen,3.5,test
bathroom/boho/bathroom_boho_68.jpg,bathroom,3.2,test
living_room/modern/living_room_modern_124.jpg,living room,4.5,test
bathroom/minimalist/bathroom_minimalist_40.jpg,bathroom,3.5,test
kitchen/modern/kitchen_modern_143.jpg,kitchen,4.5,test
kitchen/boho/kitchen_boho_389.jpg,kitchen,3.2,test
kitchen/industrial/kitchen_industrial_181.jpg,kitchen,3.0,test
kitchen/industrial/kitchen_industrial_277.jpg,kitchen,3.0,test
bedroom/minimalist/bedroom_minimalist_106.jpg,bedroom,3.5,test
kitchen/industrial/kitchen_industrial_69.jpg,kitchen,3.0,test
bathroom/modern/bathroom_modern_65.jpg,bathroom,4.5,test
kitchen/boho/kitchen_boho_267.jpg,kitchen,3.2,test
kitchen/modern/kitchen_modern_50.jpg,kitchen,4.5,test
kitchen/minimalist/kitchen_minimalist_94.jpg,kitchen,3.5,test
bedroom/industrial/bedroom_industrial_80.jpg,bedroom,3.0,test
kitchen/boho/kitchen_boho_108.jpg,kitchen,3.2,test
bathroom/minimalist/bathroom_minimalist_69.jpg,bathroom,3.5,test
bedroom/industrial/bedroom_industrial_10.jpg,bedroom,3.0,test
kitchen/scandinavian/kitchen_scandinavian_134.jpg,kitchen,4.0,test
kitchen/boho/kitchen_boho_24.jpg,kitchen,3.2,test
bedroom/minimalist/bedroom_minimalist_135.jpg,bedroom,3.5,test
kitchen/industrial/kitchen_industrial_195.jpg,kitchen,3.0,test
bedroom/modern/bedroom_modern_25.jpg,bedroom,4.5,test
bedroom/boho/bedroom_boho_58.jpg,bedroom,3.2,test
living_room/boho/living_room_boho_69.jpg,living room,3.2,test
kitchen/industrial/kitchen_industrial_95.jpg,kitchen,3.0,test
bedroom/scandinavian/bedroom_scandinavian_69.jpg,bedroom,4.0,test
kitchen/minimalist/kitchen_minimalist_99.jpg,kitchen,3.5,test
living_room/minimalist/living_room_minimalist_107.jpg,living room,3.5,test
bathroom/minimalist/bathroom_minimalist_121.jpg,bathroom,3.5,test
living_room/industrial/living_room_industrial_162.jpg,living room,3.0,test
bedroom/scandinavian/bedroom_scandinavian_150.jpg,bedroom,4.0,test
bedroom/boho/bedroom_boho_70.jpg,bedroom,3.2,test
kitchen/boho/kitchen_boho_130.jpg,kitchen,3.2,test
bedroom/modern/bedroom_modern_66.jpg,bedroom,4.5,test
kitchen/minimalist/kitchen_minimalist_96.jpg,kitchen,3.5,test
bedroom/boho/bedroom_boho_60.jpg,bedroom,3.2,test
kitchen/modern/kitchen_modern_384.jpg,kitchen,4.5,test
living_room/industrial/living_room_industrial_179.jpg,living room,3.0,test
kitchen/modern/kitchen_modern_235.jpg,kitchen,4.5,test
bedroom/modern/bedroom_modern_158.jpg,bedroom,4.5,test
kitchen/boho/kitchen_boho_298.jpg,kitchen,3.2,test
living_room/boho/living_room_boho_63.jpg,living room,3.2,test
bathroom/industrial/bathroom_industrial_130.jpg,bathroom,3.0,test
living_room/modern/living_room_modern_290.jpg,living room,4.5,test
kitchen/scandinavian/kitchen_scandinavian_118.jpg,kitchen,4.0,test
bedroom/minimalist/bedroom_minimalist_9.jpg,bedroom,3.5,test
bathroom/scandinavian/bathroom_scandinavian_30.jpg,bathroom,4.0,test
living_room/minimalist/living_room_minimalist_42.jpg,living room,3.5,test
kitchen/boho/kitchen_boho_424.jpg,kitchen,3.2,test
bedroom/modern/bedroom_modern_93.jpg,bedroom,4.5,test
kitchen/modern/kitchen_modern_307.jpg,kitchen,4.5,test
living_room/industrial/living_room_industrial_58.jpg,living room,3.0,test
bathroom/modern/bathroom_modern_0.jpg,bathroom,4.5,test
kitchen/boho/kitchen_boho_391.jpg,kitchen,3.2,test
living_room/scandinavian/living_room_scandinavian_136.jpg,living room,4.0,test
kitchen/modern/kitchen_modern_93.jpg,kitchen,4.5,test
kitchen/modern/kitchen_modern_141.jpg,kitchen,4.5,test
bathroom/minimalist/bathroom_minimalist_146.jpg,bathroom,3.5,test
bedroom/minimalist/bedroom_minimalist_88.jpg,bedroom,3.5,test
kitchen/modern/kitchen_modern_210.jpg,kitchen,4.5,test
kitchen/industrial/kitchen_industrial_116.jpg,kitchen,3.0,test
kitchen/boho/kitchen_boho_241.jpg,kitchen,3.2,test
kitchen/boho/kitchen_boho_4.jpg,kitchen,3.2,test
bathroom/minimalist/bathroom_minimalist_79.jpg,bathroom,3.5,test
kitchen/modern/kitchen_modern_204.jpg,kitchen,4.5,test
kitchen/industrial/kitchen_industrial_251.jpg,kitchen,3.0,test
living_room/minimalist/living_room_minimalist_159.jpg,living room,3.5,test
bedroom/scandinavian/bedroom_scandinavian_103.jpg,bedroom,4.0,test
bathroom/industrial/bathroom_industrial_101.jpg,bathroom,3.0,test
kitchen/minimalist/kitchen_minimalist_93.jpg,kitchen,3.5,test
kitchen/minimalist/kitchen_minimalist_157.jpg,kitchen,3.5,test
living_room/industrial/living_room_industrial_104.jpg,living room,3.0,test
bathroom/scandinavian/bathroom_scandinavian_3.jpg,bathroom,4.0,test
kitchen/minimalist/kitchen_minimalist_11.jpg,kitchen,3.5,test
living_room/modern/living_room_modern_194.jpg,living room,4.5,test
living_room/modern/living_room_modern_107.jpg,living room,4.5,test
kitchen/boho/kitchen_boho_295.jpg,kitchen,3.2,test
kitchen/boho/kitchen_boho_151.jpg,kitchen,3.2,test
living_room/modern/living_room_modern_165.jpg,living room,4.5,test
living_room/scandinavian/living_room_scandinavian_26.jpg,living room,4.0,test
bathroom/scandinavian/bathroom_scandinavian_112.jpg,bathroom,4.0,test
bathroom/modern/bathroom_modern_127.jpg,bathroom,4.5,test
living_room/minimalist/living_room_minimalist_101.jpg,living room,3.5,test
kitchen/modern/kitchen_modern_8.jpg,kitchen,4.5,test
kitchen/industrial/kitchen_industrial_213.jpg,kitchen,3.0,test
living_room/industrial/living_room_industrial_99.jpg,living room,3.0,test
kitchen/boho/kitchen_boho_71.jpg,kitchen,3.2,test
kitchen/boho/kitchen_boho_452.jpg,kitchen,3.2,test
bedroom/industrial/bedroom_industrial_51.jpg,bedroom,3.0,test
living_room/boho/living_room_boho_68.jpg,living room,3.2,test
bathroom/scandinavian/bathroom_scandinavian_34.jpg,bathroom,4.0,test
living_room/boho/living_room_boho_31.jpg,living room,3.2,test
bathroom/scandinavian/bathroom_scandinavian_81.jpg,bathroom,4.0,test
kitchen/boho/kitchen_boho_33.jpg,kitchen,3.2,test
living_room/minimalist/living_room_minimalist_85.jpg,living room,3.5,test
bathroom/scandinavian/bathroom_scandinavian_27.jpg,bathroom,4.0,test
bathroom/boho/bathroom_boho_46.jpg,bathroom,3.2,test
bedroom/minimalist/bedroom_minimalist_93.jpg,bedroom,3.5,test
bathroom/minimalist/bathroom_minimalist_84.jpg,bathroom,3.5,test
kitchen/industrial/kitchen_industrial_256.jpg,kitchen,3.0,test
bathroom/minimalist/bathroom_minimalist_88.jpg,bathroom,3.5,test
bedroom/scandinavian/bedroom_scandinavian_25.jpg,bedroom,4.0,test
living_room/industrial/living_room_industrial_62.jpg,living room,3.0,test
kitchen/boho/kitchen_boho_20.jpg,kitchen,3.2,test
living_room/modern/living_room_modern_239.jpg,living room,4.5,test
bedroom/boho/bedroom_boho_29.jpg,bedroom,3.2,test
bedroom/boho/bedroom_boho_61.jpg,bedroom,3.2,test
bedroom/minimalist/bedroom_minimalist_80.jpg,bedroom,3.5,test
bedroom/industrial/bedroom_industrial_78.jpg,bedroom,3.0,test
living_room/modern/living_room_modern_204.jpg,living room,4.5,test
kitchen/industrial/kitchen_industrial_14.jpg,kitchen,3.0,test
kitchen/boho/kitchen_boho_89.jpg,kitchen,3.2,test
kitchen/industrial/kitchen_industrial_154.jpg,kitchen,3.0,test
bedroom/boho/bedroom_boho_101.jpg,bedroom,3.2,test
bathroom/boho/bathroom_boho_15.jpg,bathroom,3.2,test
bedroom/boho/bedroom_boho_5.jpg,bedroom,3.2,test
kitchen/boho/kitchen_boho_200.jpg,kitchen,3.2,test
kitchen/boho/kitchen_boho_358.jpg,kitchen,3.2,test
kitchen/scandinavian/kitchen_scandinavian_3.jpg,kitchen,4.0,test
kitchen/modern/kitchen_modern_34.jpg,kitchen,4.5,test
bedroom/industrial/bedroom_industrial_198.jpg,bedroom,3.0,test
bedroom/modern/bedroom_modern_164.jpg,bedroom,4.5,test
bedroom/industrial/bedroom_industrial_120.jpg,bedroom,3.0,test
kitchen/minimalist/kitchen_minimalist_115.jpg,kitchen,3.5,test
living_room/minimalist/living_room_minimalist_191.jpg,living room,3.5,test
kitchen/boho/kitchen_boho_416.jpg,kitchen,3.2,test
kitchen/modern/kitchen_modern_233.jpg,kitchen,4.5,test
bathroom/industrial/bathroom_industrial_135.jpg,bathroom,3.0,test
kitchen/minimalist/kitchen_minimalist_49.jpg,kitchen,3.5,test
kitchen/boho/kitchen_boho_369.jpg,kitchen,3.2,test
bedroom/boho/bedroom_boho_107.jpg,bedroom,3.2,test
kitchen/minimalist/kitchen_minimalist_98.jpg,kitchen,3.5,test
kitchen/modern/kitchen_modern_222.jpg,kitchen,4.5,test
kitchen/industrial/kitchen_industrial_33.jpg,kitchen,3.0,test
bathroom/minimalist/bathroom_minimalist_48.jpg,bathroom,3.5,test
living_room/industrial/living_room_industrial_108.jpg,living room,3.0,test
kitchen/modern/kitchen_modern_29.jpg,kitchen,4.5,test
living_room/minimalist/living_room_minimalist_3.jpg,living room,3.5,test
bathroom/industrial/bathroom_industrial_22.jpg,bathroom,3.0,test
living_room/modern/living_room_modern_45.jpg,living room,4.5,test
bathroom/modern/bathroom_modern_80.jpg,bathroom,4.5,test
bathroom/modern/bathroom_modern_114.jpg,bathroom,4.5,test
kitchen/boho/kitchen_boho_371.jpg,kitchen,3.2,test
bathroom/industrial/bathroom_industrial_77.jpg,bathroom,3.0,test
kitchen/modern/kitchen_modern_71.jpg,kitchen,4.5,test
living_room/modern/living_room_modern_222.jpg,living room,4.5,test
bathroom/modern/bathroom_modern_64.jpg,bathroom,4.5,test
kitchen/industrial/kitchen_industrial_297.jpg,kitchen,3.0,test
living_room/minimalist/living_room_minimalist_180.jpg,living room,3.5,test
kitchen/boho/kitchen_boho_414.jpg,kitchen,3.2,test
living_room/industrial/living_room_industrial_65.jpg,living room,3.0,test
bathroom/minimalist/bathroom_minimalist_46.jpg,bathroom,3.5,test
kitchen/boho/kitchen_boho_217.jpg,kitchen,3.2,test
living_room/scandinavian/living_room_scandinavian_74.jpg,living room,4.0,test
living_room/minimalist/living_room_minimalist_31.jpg,living room,3.5,test
kitchen/industrial/kitchen_industrial_208.jpg,kitchen,3.0,test
living_room/minimalist/living_room_minimalist_155.jpg,living room,3.5,test
bedroom/modern/bedroom_modern_185.jpg,bedroom,4.5,test
bedroom/modern/bedroom_modern_177.jpg,bedroom,4.5,test
bedroom/modern/bedroom_modern_53.jpg,bedroom,4.5,test
bedroom/scandinavian/bedroom_scandinavian_147.jpg,bedroom,4.0,test
kitchen/boho/kitchen_boho_407.jpg,kitchen,3.2,test
living_room/boho/living_room_boho_36.jpg,living room,3.2,test
bedroom/industrial/bedroom_industrial_14.jpg,bedroom,3.0,test
bedroom/modern/bedroom_modern_156.jpg,bedroom,4.5,test
kitchen/scandinavian/kitchen_scandinavian_76.jpg,kitchen,4.0,test
living_room/minimalist/living_room_minimalist_187.jpg,living room,3.5,test
kitchen/boho/kitchen_boho_139.jpg,kitchen,3.2,test
living_room/scandinavian/living_room_scandinavian_13.jpg,living room,4.0,test
bedroom/minimalist/bedroom_minimalist_183.jpg,bedroom,3.5,test
living_room/minimalist/living_room_minimalist_119.jpg,living room,3.5,test
bathroom/minimalist/bathroom_minimalist_104.jpg,bathroom,3.5,test
bedroom/boho/bedroom_boho_21.jpg,bedroom,3.2,test
bathroom/boho/bathroom_boho_90.jpg,bathroom,3.2,test
living_room/industrial/living_room_industrial_49.jpg,living room,3.0,test
bedroom/scandinavian/bedroom_scandinavian_53.jpg,bedroom,4.0,test
living_room/modern/living_room_modern_9.jpg,living room,4.5,test
bedroom/modern/bedroom_modern_147.jpg,bedroom,4.5,test
living_room/minimalist/living_room_minimalist_190.jpg,living room,3.5,test
bedroom/industrial/bedroom_industrial_2.jpg,bedroom,3.0,test
bedroom/industrial/bedroom_industrial_154.jpg,bedroom,3.0,test
living_room/industrial/living_room_industrial_176.jpg,living room,3.0,test
living_room/minimalist/living_room_minimalist_99.jpg,living room,3.5,test
kitchen/boho/kitchen_boho_333.jpg,kitchen,3.2,test
kitchen/industrial/kitchen_industrial_217.jpg,kitchen,3.0,test
kitchen/industrial/kitchen_industrial_176.jpg,kitchen,3.0,test
kitchen/modern/kitchen_modern_33.jpg,kitchen,4.5,test
kitchen/modern/kitchen_modern_245.jpg,kitchen,4.5,test
bathroom/minimalist/bathroom_minimalist_36.jpg,bathroom,3.5,test
living_room/modern/living_room_modern_243.jpg,living room,4.5,test
living_room/modern/living_room_modern_276.jpg,living room,4.5,test
living_room/scandinavian/living_room_scandinavian_6.jpg,living room,4.0,test
kitchen/industrial/kitchen_industrial_242.jpg,kitchen,3.0,test
kitchen/industrial/kitchen_industrial_160.jpg,kitchen,3.0,test
kitchen/modern/kitchen_modern_252.jpg,kitchen,4.5,test
bathroom/boho/bathroom_boho_116.jpg,bathroom,3.2,test
kitchen/scandinavian/kitchen_scandinavian_11.jpg,kitchen,4.0,test
kitchen/modern/kitchen_modern_221.jpg,kitchen,4.5,test
kitchen/modern/kitchen_modern_386.jpg,kitchen,4.5,test
bedroom/modern/bedroom_modern_45.jpg,bedroom,4.5,test
bedroom/modern/bedroom_modern_78.jpg,bedroom,4.5,test
bathroom/boho/bathroom_boho_63.jpg,bathroom,3.2,test
kitchen/boho/kitchen_boho_464.jpg,kitchen,3.2,test
living_room/modern/living_room_modern_108.jpg,living room,4.5,test
bedroom/scandinavian/bedroom_scandinavian_66.jpg,bedroom,4.0,test
bathroom/industrial/bathroom_industrial_121.jpg,bathroom,3.0,test
kitchen/modern/kitchen_modern_327.jpg,kitchen,4.5,test
living_room/minimalist/living_room_minimalist_63.jpg,living room,3.5,test
bathroom/scandinavian/bathroom_scandinavian_100.jpg,bathroom,4.0,test
kitchen/minimalist/kitchen_minimalist_90.jpg,kitchen,3.5,test
bedroom/minimalist/bedroom_minimalist_5.jpg,bedroom,3.5,test
bedroom/modern/bedroom_modern_162.jpg,bedroom,4.5,test
kitchen/boho/kitchen_boho_274.jpg,kitchen,3.2,test
kitchen/minimalist/kitchen_minimalist_70.jpg,kitchen,3.5,test
bedroom/industrial/bedroom_industrial_170.jpg,bedroom,3.0,test
kitchen/scandinavian/kitchen_scandinavian_43.jpg,kitchen,4.0,test
kitchen/minimalist/kitchen_minimalist_18.jpg,kitchen,3.5,test
kitchen/boho/kitchen_boho_260.jpg,kitchen,3.2,test
kitchen/boho/kitchen_boho_418.jpg,kitchen,3.2,test
bedroom/industrial/bedroom_industrial_0.jpg,bedroom,3.0,test
kitchen/boho/kitchen_boho_53.jpg,kitchen,3.2,test
bedroom/industrial/bedroom_industrial_81.jpg,bedroom,3.0,test
